"year","name_of_municipality","number_of_households_in_municipality","number_of_households_composting","percentage_of_households_composting"
2024,"AJDOVŠČINA",7379,NA,NA
2024,"BELTINCI",3007,NA,NA
2024,"BLED",3395,NA,NA
2024,"BOHINJ",2257,NA,NA
2024,"BOROVNICA",1692,NA,NA
2024,"BOVEC",1532,NA,NA
2024,"BRDA",2060,NA,NA
2024,"BREZOVICA",4471,NA,NA
2024,"BREŽICE",10202,NA,NA
2024,"TIŠINA",1507,NA,NA
2024,"CELJE",22893,NA,NA
2024,"CERKLJE NA GORENJSKEM",2553,NA,NA
2024,"CERKNICA",4504,NA,NA
2024,"CERKNO",1710,NA,NA
2024,"ČRENŠOVCI",1407,NA,NA
2024,"ČRNA NA KOROŠKEM",1352,NA,NA
2024,"ČRNOMELJ",5646,NA,NA
2024,"DESTRNIK",1019,NA,NA
2024,"DIVAČA",1837,NA,NA
2024,"DOBREPOLJE",1366,NA,NA
2024,"DOBROVA-POLHOV GRADEC",2655,NA,NA
2024,"DOL PRI LJUBLJANI",2279,NA,NA
2024,"DORNAVA",1028,NA,NA
2024,"DRAVOGRAD",3534,NA,NA
2024,"DUPLEK",2798,NA,NA
2024,"GORENJA VAS-POLJANE",2320,NA,NA
2024,"GORIŠNICA",1559,NA,NA
2024,"GORNJA RADGONA",3471,NA,NA
2024,"GORNJI PETROVCI",829,NA,NA
2024,"GROSUPLJE",7942,NA,NA
2024,"ŠALOVCI",561,NA,NA
2024,"HRASTNIK",4020,NA,NA
2024,"HRPELJE-KOZINA",1989,NA,NA
2024,"IDRIJA",4637,NA,NA
2024,"IG",2737,NA,NA
2024,"ILIRSKA BISTRICA",5403,NA,NA
2024,"IVANČNA GORICA",6425,NA,NA
2024,"IZOLA",7398,NA,NA
2024,"JESENICE",9343,NA,NA
2024,"JURŠINCI",896,NA,NA
2024,"KAMNIK",11348,NA,NA
2024,"KANAL",2168,NA,NA
2024,"KIDRIČEVO",2559,NA,NA
2024,"KOBARID",1705,NA,NA
2024,"KOBILJE",211,NA,NA
2024,"KOČEVJE",6487,NA,NA
2024,"KOMEN",1423,NA,NA
2024,"KOPER",21065,NA,NA
2024,"KOZJE",1269,NA,NA
2024,"KRANJ",22752,NA,NA
2024,"KRANJSKA GORA",3037,NA,NA
2024,"KUNGOTA",2034,NA,NA
2024,"KUZMA",594,NA,NA
2024,"LAŠKO",5528,NA,NA
2024,"LENART",3118,NA,NA
2024,"LENDAVA",4742,NA,NA
2024,"LITIJA",5985,NA,NA
2024,"LJUBLJANA",130575,NA,NA
2024,"LJUTOMER",4491,NA,NA
2024,"LOGATEC",1352,NA,NA
2024,"LOŠKA DOLINA",1531,NA,NA
2024,"LOŠKI POTOK",703,NA,NA
2024,"MAJŠPERK",1729,NA,NA
2024,"MARIBOR",53605,NA,NA
2024,"MEDVODE",6293,NA,NA
2024,"MEŽICA",1632,NA,NA
2024,"MIREN-KOSTANJEVICA",1906,NA,NA
2024,"MISLINJA",1813,NA,NA
2024,"MORAVSKE TOPLICE",2377,NA,NA
2024,"MOZIRJE",1657,NA,NA
2024,"MURSKA SOBOTA",7980,NA,NA
2024,"MUTA",1419,NA,NA
2024,"NAKLO",1905,NA,NA
2024,"NOVA GORICA",13168,NA,NA
2024,"NOVO MESTO",14687,NA,NA
2024,"ODRANCI",504,NA,NA
2024,"ORMOŽ",4770,NA,NA
2024,"OSILNICA",186,NA,NA
2024,"PESNICA",3068,NA,NA
2024,"PIRAN",8422,NA,NA
2024,"PIVKA",2437,NA,NA
2024,"PODČETRTEK",1438,NA,NA
2024,"PODVELKA",1055,NA,NA
2024,"POSTOJNA",6683,NA,NA
2024,"PREDDVOR",1290,NA,NA
2024,"PTUJ",10582,NA,NA
2024,"PUCONCI",4476,NA,NA
2024,"RAČE-FRAM",3235,NA,NA
2024,"RADEČE",1767,NA,NA
2024,"RADENCI",2055,NA,NA
2024,"RADLJE OB DRAVI",2551,NA,NA
2024,"RADOVLJICA",7488,NA,NA
2024,"RAVNE NA KOROŠKEM",4993,NA,NA
2024,"RIBNICA",3533,NA,NA
2024,"ROGAŠOVCI",1143,NA,NA
2024,"ROGAŠKA SLATINA",4723,NA,NA
2024,"ROGATEC",1457,NA,NA
2024,"RUŠE",3223,NA,NA
2024,"SEMIČ",1530,NA,NA
2024,"SEVNICA",7191,NA,NA
2024,"SEŽANA",5697,NA,NA
2024,"SLOVENJ GRADEC",6953,NA,NA
2024,"SLOVENSKA BISTRICA",10349,NA,NA
2024,"SLOVENSKE KONJICE",6236,NA,NA
2024,"STARŠE",1666,NA,NA
2024,"SVETI JURIJ OB ŠČAVNICI",1062,NA,NA
2024,"ŠENČUR",3108,NA,NA
2024,"ŠENTILJ",3499,NA,NA
2024,"ŠENTJERNEJ",2546,NA,NA
2024,"ŠENTJUR",7783,NA,NA
2024,"ŠKOCJAN",1201,NA,NA
2024,"ŠKOFJA LOKA",8439,NA,NA
2024,"ŠKOFLJICA",4245,NA,NA
2024,"ŠMARJE PRI JELŠAH",4049,NA,NA
2024,"ŠTORE",1960,NA,NA
2024,"TOLMIN",4590,NA,NA
2024,"TRBOVLJE",7334,NA,NA
2024,"TREBNJE",5057,NA,NA
2024,"TRŽIČ",5921,NA,NA
2024,"TURNIŠČE",1095,NA,NA
2024,"VELIKE LAŠČE",1669,NA,NA
2024,"VIDEM",2438,NA,NA
2024,"VIPAVA",2089,NA,NA
2024,"VITANJE",871,NA,NA
2024,"VODICE",1714,NA,NA
2024,"VOJNIK",3576,NA,NA
2024,"VRHNIKA",6478,NA,NA
2024,"VUZENICA",1088,NA,NA
2024,"ZAGORJE OB SAVI",6449,NA,NA
2024,"ZAVRČ",680,NA,NA
2024,"ZREČE",2662,NA,NA
2024,"ŽELEZNIKI",2123,NA,NA
2024,"ŽIRI",1778,NA,NA
2024,"BENEDIKT",942,NA,NA
2024,"BISTRICA OB SOTLI",531,NA,NA
2024,"BLOKE",652,NA,NA
2024,"BRASLOVČE",2146,NA,NA
2024,"CANKOVA",654,NA,NA
2024,"CERKVENJAK",855,NA,NA
2024,"DOBJE",367,NA,NA
2024,"DOBRNA",845,NA,NA
2024,"DOBROVNIK",534,NA,NA
2024,"DOLENJSKE TOPLICE",1374,NA,NA
2024,"GRAD",797,NA,NA
2024,"HAJDINA",1650,NA,NA
2024,"HOČE-SLIVNICA",4994,NA,NA
2024,"HODOŠ",110,NA,NA
2024,"HORJUL",936,NA,NA
2024,"JEZERSKO",255,NA,NA
2024,"KOMENDA",2238,NA,NA
2024,"KOSTEL",346,NA,NA
2024,"KRIŽEVCI",1284,NA,NA
2024,"LOVRENC NA POHORJU",1292,NA,NA
2024,"MARKOVCI",1491,NA,NA
2024,"MIKLAVŽ NA DRAVSKEM POLJU",2989,NA,NA
2024,"MIRNA PEČ",1066,NA,NA
2024,"OPLOTNICA",1534,NA,NA
2024,"PODLEHNIK",796,NA,NA
2024,"POLZELA",2412,NA,NA
2024,"PREBOLD",2117,NA,NA
2024,"PREVALJE",2845,NA,NA
2024,"RAZKRIŽJE",486,NA,NA
2024,"RIBNICA NA POHORJU",509,NA,NA
2024,"SELNICA OB DRAVI",1945,NA,NA
2024,"SODRAŽICA",826,NA,NA
2024,"SVETA ANA",799,NA,NA
2024,"SVETI ANDRAŽ V SLOV. GORICAH",450,NA,NA
2024,"ŠEMPETER-VRTOJBA",2586,NA,NA
2024,"TABOR",638,NA,NA
2024,"TRNOVSKA VAS",473,NA,NA
2024,"VELIKA POLANA",514,NA,NA
2024,"VERŽEJ",508,NA,NA
2024,"VRANSKO",977,NA,NA
2024,"ŽALEC",8969,NA,NA
2024,"ŽETALE",489,NA,NA
2024,"ŽIROVNICA",1645,NA,NA
2024,"ŽUŽEMBERK",1737,NA,NA
2024,"ŠMARTNO PRI LITIJI",1928,NA,NA
2024,"APAČE",1383,NA,NA
2024,"CIRKULANE",1049,NA,NA
2024,"MAKOLE",848,NA,NA
2024,"MOKRONOG-TREBELNO",1189,NA,NA
2024,"POLJČANE",1811,NA,NA
2024,"RENČE-VOGRSKO",1652,NA,NA
2024,"SREDIŠČE OB DRAVI",799,NA,NA
2024,"STRAŽA",1491,NA,NA
2024,"SVETA TROJICA V SLOVENSKIH GORICAH",842,NA,NA
2024,"SVETI TOMAŽ",771,NA,NA
2024,"ŠMARJEŠKE TOPLICE",1331,NA,NA
2024,"GORJE",1085,NA,NA
2024,"LOG-DRAGOMER",5132,NA,NA
2024,"REČICA OB SAVINJI",954,NA,NA
2024,"SVETI JURIJ V SLOVENSKIH GORICAH",714,NA,NA
2024,"ŠENTRUPERT",949,NA,NA
2024,"MIRNA",1086,NA,NA
2024,"ANKARAN",1482,NA,NA
