"year","statistical_region","waste_code","type_of_waste","waste_category","total_waste_given_away","waste_handed_to_collectors_RS","waste_delivered_to_operators_RS","waste_sent_to_EU","waste_sent_to_non_EU","waste_delivered_to_collectors_warehouse"
2024,"GORENJSKA","15 01 01","Paper and Cardboard Packaging (15 01 01)","Packaging Waste",2636.242,0,2636.188,0,0,0.054
2024,"GORENJSKA","15 01 03","Wooden Packaging (15 01 03)","Packaging Waste",73.04,0,57.44,0,0,15.6
2024,"GORENJSKA","17 02 01","Construction Wood Waste (17 02 01)","Construction/Demolition Waste",655.7,0,653.24,0,0,2.46
2024,"GORENJSKA","20 01 01","Paper and Cardboard from Municipal Waste (20 01 01)","Municipal Waste",2132.866,485.81,1615.772,0,0,31.284
2024,"GORENJSKA","20 01 38","Non-hazardous Wood from Municipal Waste (20 01 38)","Municipal Waste",5147.91,0,5147.91,0,0,0
2024,"GORENJSKA","20 03 07","Bulky Municipal Waste (20 03 07)","Municipal Waste",4390.084,0,4390.084,0,0,0
2024,"GORIŠKA","03 01 05","Sawdust/Shavings/Cuttings (03 01 05)","Wood/Paper Production Waste",32.425,0,26.94,0,0,5.485
2024,"GORIŠKA","15 01 01","Paper and Cardboard Packaging (15 01 01)","Packaging Waste",2448.919,181.028,2131.471,0,0,136.42
2024,"GORIŠKA","15 01 03","Wooden Packaging (15 01 03)","Packaging Waste",260.48,0,237.332,0,0,23.148
2024,"GORIŠKA","17 02 01","Construction Wood Waste (17 02 01)","Construction/Demolition Waste",309.964,0,60.58,0,0,249.384
2024,"GORIŠKA","20 01 01","Paper and Cardboard from Municipal Waste (20 01 01)","Municipal Waste",2060.072,385.063,1666.009,0,0,9
2024,"GORIŠKA","20 01 38","Non-hazardous Wood from Municipal Waste (20 01 38)","Municipal Waste",3611.728,0,3299.028,0,0,312.7
2024,"GORIŠKA","20 03 07","Bulky Municipal Waste (20 03 07)","Municipal Waste",2949.372,0,2903.555,0,0,45.817
2024,"JUGOVZHODNA SLOVENIJA","03 01 05","Sawdust/Shavings/Cuttings (03 01 05)","Wood/Paper Production Waste",2206.415,0,0,0,0,2206.415
2024,"JUGOVZHODNA SLOVENIJA","15 01 01","Paper and Cardboard Packaging (15 01 01)","Packaging Waste",2210.879,0,2168.086,0,0,42.793
2024,"JUGOVZHODNA SLOVENIJA","15 01 03","Wooden Packaging (15 01 03)","Packaging Waste",37.322,0,6.04,0,0,31.282
2024,"JUGOVZHODNA SLOVENIJA","17 02 01","Construction Wood Waste (17 02 01)","Construction/Demolition Waste",38.02,0,38.02,0,0,0
2024,"JUGOVZHODNA SLOVENIJA","19 12 07","Wood Waste from Treatment (not 19 12 06) (19 12 07)","Waste Treatment Residues",1064.631,0,0,0,0,1064.631
2024,"JUGOVZHODNA SLOVENIJA","20 01 01","Paper and Cardboard from Municipal Waste (20 01 01)","Municipal Waste",429.601,1.224,428.377,0,0,0
2024,"JUGOVZHODNA SLOVENIJA","20 01 38","Non-hazardous Wood from Municipal Waste (20 01 38)","Municipal Waste",3341.94,36.48,3305.46,0,0,0
2024,"JUGOVZHODNA SLOVENIJA","20 03 07","Bulky Municipal Waste (20 03 07)","Municipal Waste",4193.496,0,4193.496,0,0,0
2024,"KOROŠKA","03 01 05","Sawdust/Shavings/Cuttings (03 01 05)","Wood/Paper Production Waste",11.5,0,11.5,0,0,0
2024,"KOROŠKA","15 01 01","Paper and Cardboard Packaging (15 01 01)","Packaging Waste",1397.045,90.74,1236.117,44.06,0,26.128
2024,"KOROŠKA","15 01 03","Wooden Packaging (15 01 03)","Packaging Waste",546.457,0,494.421,0,0,52.036
2024,"KOROŠKA","17 02 01","Construction Wood Waste (17 02 01)","Construction/Demolition Waste",64.56,0,21.524,0,0,43.036
2024,"KOROŠKA","19 12 01","Paper and Cardboard from Waste Treatment (19 12 01)","Waste Treatment Residues",2.842,0,2.842,0,0,0
2024,"KOROŠKA","20 01 01","Paper and Cardboard from Municipal Waste (20 01 01)","Municipal Waste",911.69,0,908.717,0,0,2.973
2024,"KOROŠKA","20 01 38","Non-hazardous Wood from Municipal Waste (20 01 38)","Municipal Waste",35.88,0,35.88,0,0,0
2024,"KOROŠKA","20 03 07","Bulky Municipal Waste (20 03 07)","Municipal Waste",11028.08,0,11028.08,0,0,0
2024,"OBALNO-KRAŠKA","03 01 05","Sawdust/Shavings/Cuttings (03 01 05)","Wood/Paper Production Waste",44.04,0,41.64,0,0,2.4
2024,"OBALNO-KRAŠKA","15 01 01","Paper and Cardboard Packaging (15 01 01)","Packaging Waste",2168.631,70.78,2097.851,0,0,0
2024,"OBALNO-KRAŠKA","15 01 03","Wooden Packaging (15 01 03)","Packaging Waste",1567.84,0,1567.84,0,0,0
2024,"OBALNO-KRAŠKA","20 01 01","Paper and Cardboard from Municipal Waste (20 01 01)","Municipal Waste",2156.141,165.74,1940.17,0,0,50.231
2024,"OBALNO-KRAŠKA","20 01 38","Non-hazardous Wood from Municipal Waste (20 01 38)","Municipal Waste",3976,0,3976,0,0,0
2024,"OBALNO-KRAŠKA","20 03 07","Bulky Municipal Waste (20 03 07)","Municipal Waste",2554.583,0,2490.355,0,0,64.228
2024,"OSREDNJESLOVENSKA","03 01 05","Sawdust/Shavings/Cuttings (03 01 05)","Wood/Paper Production Waste",45.34,0,37.898,0,0,7.442
2024,"OSREDNJESLOVENSKA","03 03 08","Waste from Sorting of Paper and Cardboard for Recycling (03 03 08)","Wood/Paper Production Waste",2317.423,0,2317.423,0,0,0
2024,"OSREDNJESLOVENSKA","15 01 01","Paper and Cardboard Packaging (15 01 01)","Packaging Waste",19323.947,74.68,11647.673,0,0,7601.594
2024,"OSREDNJESLOVENSKA","15 01 03","Wooden Packaging (15 01 03)","Packaging Waste",3840.205,25.83,3761.575,52.19,0,0.61
2024,"OSREDNJESLOVENSKA","17 02 01","Construction Wood Waste (17 02 01)","Construction/Demolition Waste",1117.54,0,1066.76,15.55,0,35.23
2024,"OSREDNJESLOVENSKA","19 12 01","Paper and Cardboard from Waste Treatment (19 12 01)","Waste Treatment Residues",665.009,0,665.009,0,0,0
2024,"OSREDNJESLOVENSKA","19 12 07","Wood Waste from Treatment (not 19 12 06) (19 12 07)","Waste Treatment Residues",12.095,0,12.095,0,0,0
2024,"OSREDNJESLOVENSKA","20 01 01","Paper and Cardboard from Municipal Waste (20 01 01)","Municipal Waste",34111.522,1761.77,30126.848,0,0,2222.904
2024,"OSREDNJESLOVENSKA","20 01 38","Non-hazardous Wood from Municipal Waste (20 01 38)","Municipal Waste",15502.059,0,15502.059,0,0,0
2024,"OSREDNJESLOVENSKA","20 03 07","Bulky Municipal Waste (20 03 07)","Municipal Waste",18213.05,0,18213.05,0,0,0
2024,"PODRAVSKA","03 01 05","Sawdust/Shavings/Cuttings (03 01 05)","Wood/Paper Production Waste",3.32,0,1.32,0,0,2
2024,"PODRAVSKA","15 01 01","Paper and Cardboard Packaging (15 01 01)","Packaging Waste",2322.409,196.28,2089.467,0,0,36.662
2024,"PODRAVSKA","15 01 03","Wooden Packaging (15 01 03)","Packaging Waste",858.723,242.94,601.463,0,0,14.32
2024,"PODRAVSKA","17 02 01","Construction Wood Waste (17 02 01)","Construction/Demolition Waste",627.412,11.8,209.647,0,0,405.965
2024,"PODRAVSKA","19 12 01","Paper and Cardboard from Waste Treatment (19 12 01)","Waste Treatment Residues",19.02,0,0,19.02,0,0
2024,"PODRAVSKA","20 01 01","Paper and Cardboard from Municipal Waste (20 01 01)","Municipal Waste",8140.543,1230.207,6359.884,468.149,0,82.303
2024,"PODRAVSKA","20 01 38","Non-hazardous Wood from Municipal Waste (20 01 38)","Municipal Waste",10563.096,0,10381.776,0,0,181.32
2024,"PODRAVSKA","20 03 07","Bulky Municipal Waste (20 03 07)","Municipal Waste",17283.494,0,16489.487,0,0,794.007
2024,"POMURSKA","15 01 01","Paper and Cardboard Packaging (15 01 01)","Packaging Waste",1171.446,0,1171.446,0,0,0
2024,"POMURSKA","15 01 03","Wooden Packaging (15 01 03)","Packaging Waste",193.976,0,185.584,0,0,8.392
2024,"POMURSKA","17 02 01","Construction Wood Waste (17 02 01)","Construction/Demolition Waste",94.32,0,94.32,0,0,0
2024,"POMURSKA","20 01 01","Paper and Cardboard from Municipal Waste (20 01 01)","Municipal Waste",2022.097,101.76,1906.182,0,0,14.155
2024,"POMURSKA","20 01 38","Non-hazardous Wood from Municipal Waste (20 01 38)","Municipal Waste",1102.2,0,1102.2,0,0,0
2024,"POMURSKA","20 03 07","Bulky Municipal Waste (20 03 07)","Municipal Waste",3921.91,0,3912.579,0,0,9.331
2024,"POSAVSKA","03 01 05","Sawdust/Shavings/Cuttings (03 01 05)","Wood/Paper Production Waste",23.444,0,23.444,0,0,0
2024,"POSAVSKA","03 03 01","Bark and Wood Waste from Pulp/Paper Production (03 03 01)","Wood/Paper Production Waste",1.797,0,1.797,0,0,0
2024,"POSAVSKA","15 01 01","Paper and Cardboard Packaging (15 01 01)","Packaging Waste",4159.608,100.605,4026.101,0,0,32.902
2024,"POSAVSKA","15 01 03","Wooden Packaging (15 01 03)","Packaging Waste",2841.8,8.88,2781.92,0,0,51
2024,"POSAVSKA","17 02 01","Construction Wood Waste (17 02 01)","Construction/Demolition Waste",25.116,0,25.116,0,0,0
2024,"POSAVSKA","20 01 01","Paper and Cardboard from Municipal Waste (20 01 01)","Municipal Waste",1834.972,239.494,1547.327,0,0,48.151
2024,"POSAVSKA","20 01 38","Non-hazardous Wood from Municipal Waste (20 01 38)","Municipal Waste",3160.64,0,3154.64,0,0,6
2024,"POSAVSKA","20 03 07","Bulky Municipal Waste (20 03 07)","Municipal Waste",3164.82,0,3161.82,0,0,3
2024,"PRIMORSKO-NOTRANJSKA","03 01 01","Bark and Cork Waste (03 01 01)","Wood/Paper Production Waste",2.46,0,0,0,0,2.46
2024,"PRIMORSKO-NOTRANJSKA","15 01 01","Paper and Cardboard Packaging (15 01 01)","Packaging Waste",422.761,1.422,421.339,0,0,0
2024,"PRIMORSKO-NOTRANJSKA","19 12 01","Paper and Cardboard from Waste Treatment (19 12 01)","Waste Treatment Residues",0.06,0,0,0,0,0.06
2024,"PRIMORSKO-NOTRANJSKA","20 01 01","Paper and Cardboard from Municipal Waste (20 01 01)","Municipal Waste",658.329,275.328,383.001,0,0,0
2024,"PRIMORSKO-NOTRANJSKA","20 01 38","Non-hazardous Wood from Municipal Waste (20 01 38)","Municipal Waste",1421.17,0,1421.17,0,0,0
2024,"PRIMORSKO-NOTRANJSKA","20 03 07","Bulky Municipal Waste (20 03 07)","Municipal Waste",2198.09,0,2198.09,0,0,0
2024,"SAVINJSKA","03 01 05","Sawdust/Shavings/Cuttings (03 01 05)","Wood/Paper Production Waste",146.88,0,131.32,0,0,15.56
2024,"SAVINJSKA","15 01 01","Paper and Cardboard Packaging (15 01 01)","Packaging Waste",2601.869,27.37,2553.413,0,0,21.086
2024,"SAVINJSKA","15 01 03","Wooden Packaging (15 01 03)","Packaging Waste",308.94,0,307.6,0,0,1.34
2024,"SAVINJSKA","17 02 01","Construction Wood Waste (17 02 01)","Construction/Demolition Waste",620.75,0,603.64,0,0,17.11
2024,"SAVINJSKA","20 01 01","Paper and Cardboard from Municipal Waste (20 01 01)","Municipal Waste",3295.695,248.837,3024.852,0,0,22.006
2024,"SAVINJSKA","20 01 38","Non-hazardous Wood from Municipal Waste (20 01 38)","Municipal Waste",4532.15,0,4180.05,0,0,352.1
2024,"SAVINJSKA","20 03 07","Bulky Municipal Waste (20 03 07)","Municipal Waste",12573.687,0,12573.313,0,0,0.374
2024,"ZASAVSKA","15 01 01","Paper and Cardboard Packaging (15 01 01)","Packaging Waste",1181.225,112.297,1063.474,0,0,5.454
2024,"ZASAVSKA","15 01 03","Wooden Packaging (15 01 03)","Packaging Waste",231.857,0,230.537,0,0,1.32
2024,"ZASAVSKA","17 02 01","Construction Wood Waste (17 02 01)","Construction/Demolition Waste",7.04,0,7.04,0,0,0
2024,"ZASAVSKA","20 01 01","Paper and Cardboard from Municipal Waste (20 01 01)","Municipal Waste",405.304,1.59,390.134,0,0,13.58
2024,"ZASAVSKA","20 01 38","Non-hazardous Wood from Municipal Waste (20 01 38)","Municipal Waste",1182.9,0,1180.98,0,0,1.92
2024,"ZASAVSKA","20 03 07","Bulky Municipal Waste (20 03 07)","Municipal Waste",629.83,0,629.83,0,0,0
