"year","statistical_region","collection_centre","waste_code","type_of_waste","waste_category","waste_collected_by_centre"
2024,"GORENJSKA","DRAGA","15 01 01","Paper and Cardboard Packaging (15 01 01)","Packaging Waste",440.051
2024,"GORENJSKA","DRAGA","17 02 01","Construction Wood Waste (17 02 01)","Construction/Demolition Waste",629.08
2024,"GORENJSKA","DRAGA","20 01 01","Paper and Cardboard from Municipal Waste (20 01 01)","Municipal Waste",271.327
2024,"GORENJSKA","DRAGA","20 03 07","Bulky Municipal Waste (20 03 07)","Municipal Waste",516.7
2024,"GORENJSKA","Gorenja vas v Todražu","15 01 01","Paper and Cardboard Packaging (15 01 01)","Packaging Waste",35.352
2024,"GORENJSKA","Gorenja vas v Todražu","20 01 01","Paper and Cardboard from Municipal Waste (20 01 01)","Municipal Waste",116.058
2024,"GORENJSKA","Gorenja vas v Todražu","20 01 38","Non-hazardous Wood from Municipal Waste (20 01 38)","Municipal Waste",88.96
2024,"GORENJSKA","Gorenja vas v Todražu","20 03 07","Bulky Municipal Waste (20 03 07)","Municipal Waste",195.32
2024,"GORENJSKA","JEZERSKO","15 01 01","Paper and Cardboard Packaging (15 01 01)","Packaging Waste",20.221
2024,"GORENJSKA","JEZERSKO","20 01 01","Paper and Cardboard from Municipal Waste (20 01 01)","Municipal Waste",3.664
2024,"GORENJSKA","JEZERSKO","20 01 38","Non-hazardous Wood from Municipal Waste (20 01 38)","Municipal Waste",29.7
2024,"GORENJSKA","KRANJ","15 01 01","Paper and Cardboard Packaging (15 01 01)","Packaging Waste",747.72
2024,"GORENJSKA","KRANJ","15 01 03","Wooden Packaging (15 01 03)","Packaging Waste",17.4
2024,"GORENJSKA","KRANJ","20 01 01","Paper and Cardboard from Municipal Waste (20 01 01)","Municipal Waste",233.529
2024,"GORENJSKA","KRANJ","20 01 38","Non-hazardous Wood from Municipal Waste (20 01 38)","Municipal Waste",1347.48
2024,"GORENJSKA","KRANJ","20 03 07","Bulky Municipal Waste (20 03 07)","Municipal Waste",574.868
2024,"GORENJSKA","PREDDVOR","15 01 01","Paper and Cardboard Packaging (15 01 01)","Packaging Waste",36.762
2024,"GORENJSKA","PREDDVOR","20 01 01","Paper and Cardboard from Municipal Waste (20 01 01)","Municipal Waste",13.709
2024,"GORENJSKA","PREDDVOR","20 03 07","Bulky Municipal Waste (20 03 07)","Municipal Waste",7.489
2024,"GORENJSKA","Rečiška cesta 2, 4260 Bled","15 01 01","Paper and Cardboard Packaging (15 01 01)","Packaging Waste",114.47
2024,"GORENJSKA","Rečiška cesta 2, 4260 Bled","20 01 01","Paper and Cardboard from Municipal Waste (20 01 01)","Municipal Waste",407.955
2024,"GORENJSKA","Rečiška cesta 2, 4260 Bled","20 01 38","Non-hazardous Wood from Municipal Waste (20 01 38)","Municipal Waste",547.42
2024,"GORENJSKA","Rečiška cesta 2, 4260 Bled","20 03 07","Bulky Municipal Waste (20 03 07)","Municipal Waste",239.98
2024,"GORENJSKA","Režijski obrat Občine Bohinj, Bohinjska Bistrica","15 01 01","Paper and Cardboard Packaging (15 01 01)","Packaging Waste",116.364
2024,"GORENJSKA","Režijski obrat Občine Bohinj, Bohinjska Bistrica","20 01 01","Paper and Cardboard from Municipal Waste (20 01 01)","Municipal Waste",47.764
2024,"GORENJSKA","Režijski obrat Občine Bohinj, Bohinjska Bistrica","20 01 38","Non-hazardous Wood from Municipal Waste (20 01 38)","Municipal Waste",251.9
2024,"GORENJSKA","Režijski obrat Občine Bohinj, Bohinjska Bistrica","20 03 07","Bulky Municipal Waste (20 03 07)","Municipal Waste",293.35
2024,"GORENJSKA","SEDEŽ; LJUBLJANSKA CESTA 27, 4240 RADOVLJICA","20 03 07","Bulky Municipal Waste (20 03 07)","Municipal Waste",0.68
2024,"GORENJSKA","SEDEŽ; TRATA 34, 4220 ŠKOFJA LOKA","15 01 01","Paper and Cardboard Packaging (15 01 01)","Packaging Waste",10.5
2024,"GORENJSKA","SEDEŽ; TRATA 34, 4220 ŠKOFJA LOKA","20 01 01","Paper and Cardboard from Municipal Waste (20 01 01)","Municipal Waste",6.52
2024,"GORENJSKA","STUDENO","15 01 01","Paper and Cardboard Packaging (15 01 01)","Packaging Waste",65.191
2024,"GORENJSKA","STUDENO","17 02 01","Construction Wood Waste (17 02 01)","Construction/Demolition Waste",24.16
2024,"GORENJSKA","STUDENO","20 01 01","Paper and Cardboard from Municipal Waste (20 01 01)","Municipal Waste",21.297
2024,"GORENJSKA","STUDENO","20 03 07","Bulky Municipal Waste (20 03 07)","Municipal Waste",69.18
2024,"GORENJSKA","TRŽIČ","15 01 01","Paper and Cardboard Packaging (15 01 01)","Packaging Waste",292.259
2024,"GORENJSKA","TRŽIČ","20 01 01","Paper and Cardboard from Municipal Waste (20 01 01)","Municipal Waste",8.27
2024,"GORENJSKA","TRŽIČ","20 01 38","Non-hazardous Wood from Municipal Waste (20 01 38)","Municipal Waste",470.26
2024,"GORENJSKA","TRŽIČ","20 03 07","Bulky Municipal Waste (20 03 07)","Municipal Waste",379.2
2024,"GORENJSKA","Tabre","15 01 01","Paper and Cardboard Packaging (15 01 01)","Packaging Waste",156.647
2024,"GORENJSKA","Tabre","20 01 01","Paper and Cardboard from Municipal Waste (20 01 01)","Municipal Waste",6.131
2024,"GORENJSKA","Tabre","20 01 38","Non-hazardous Wood from Municipal Waste (20 01 38)","Municipal Waste",184.98
2024,"GORENJSKA","Tabre","20 03 07","Bulky Municipal Waste (20 03 07)","Municipal Waste",256.32
2024,"GORENJSKA","Tržič; LOKA 119, 4290 TRŽIČ","20 01 01","Paper and Cardboard from Municipal Waste (20 01 01)","Municipal Waste",6.38
2024,"GORENJSKA","ZBIRNI CENTER JESENICE, ŽIROVNICA","15 01 01","Paper and Cardboard Packaging (15 01 01)","Packaging Waste",164.361
2024,"GORENJSKA","ZBIRNI CENTER JESENICE, ŽIROVNICA","20 01 01","Paper and Cardboard from Municipal Waste (20 01 01)","Municipal Waste",312.786
2024,"GORENJSKA","ZBIRNI CENTER JESENICE, ŽIROVNICA","20 01 38","Non-hazardous Wood from Municipal Waste (20 01 38)","Municipal Waste",1154.57
2024,"GORENJSKA","ZBIRNI CENTER JESENICE, ŽIROVNICA","20 03 07","Bulky Municipal Waste (20 03 07)","Municipal Waste",934.19
2024,"GORENJSKA","ZC DRAGA","15 01 03","Wooden Packaging (15 01 03)","Packaging Waste",9.44
2024,"GORENJSKA","ZC DRAGA","20 03 07","Bulky Municipal Waste (20 03 07)","Municipal Waste",21.92
2024,"GORENJSKA","ZC Žiri","15 01 01","Paper and Cardboard Packaging (15 01 01)","Packaging Waste",17.867
2024,"GORENJSKA","ZC Žiri","20 01 01","Paper and Cardboard from Municipal Waste (20 01 01)","Municipal Waste",85.291
2024,"GORENJSKA","ZC Žiri","20 01 38","Non-hazardous Wood from Municipal Waste (20 01 38)","Municipal Waste",131.62
2024,"GORENJSKA","ZC Žiri","20 03 07","Bulky Municipal Waste (20 03 07)","Municipal Waste",52.06
2024,"GORENJSKA","Zbirni center Radovljica; SAVSKA CESTA 28, 4240 RADOVLJICA","15 01 01","Paper and Cardboard Packaging (15 01 01)","Packaging Waste",293.051
2024,"GORENJSKA","Zbirni center Radovljica; SAVSKA CESTA 28, 4240 RADOVLJICA","20 01 01","Paper and Cardboard from Municipal Waste (20 01 01)","Municipal Waste",325.451
2024,"GORENJSKA","Zbirni center Radovljica; SAVSKA CESTA 28, 4240 RADOVLJICA","20 01 38","Non-hazardous Wood from Municipal Waste (20 01 38)","Municipal Waste",752.38
2024,"GORENJSKA","Zbirni center Radovljica; SAVSKA CESTA 28, 4240 RADOVLJICA","20 03 07","Bulky Municipal Waste (20 03 07)","Municipal Waste",781.42
2024,"GORENJSKA","Zbirni center odpadkov Gorenja vas","20 01 01","Paper and Cardboard from Municipal Waste (20 01 01)","Municipal Waste",187.18
2024,"GORENJSKA","ŠENČUR","15 01 01","Paper and Cardboard Packaging (15 01 01)","Packaging Waste",121.347
2024,"GORENJSKA","ŠENČUR","15 01 03","Wooden Packaging (15 01 03)","Packaging Waste",3.8
2024,"GORENJSKA","ŠENČUR","20 01 01","Paper and Cardboard from Municipal Waste (20 01 01)","Municipal Waste",37.965
2024,"GORENJSKA","ŠENČUR","20 01 38","Non-hazardous Wood from Municipal Waste (20 01 38)","Municipal Waste",188.64
2024,"GORENJSKA","ŠENČUR","20 03 07","Bulky Municipal Waste (20 03 07)","Municipal Waste",67.407
2024,"GORIŠKA","CERO Ajdovščina; DOLGA POLJANA 1I, 5271 VIPAVA","15 01 01","Paper and Cardboard Packaging (15 01 01)","Packaging Waste",242.53
2024,"GORIŠKA","CERO Ajdovščina; DOLGA POLJANA 1I, 5271 VIPAVA","15 01 03","Wooden Packaging (15 01 03)","Packaging Waste",23.1
2024,"GORIŠKA","CERO Ajdovščina; DOLGA POLJANA 1I, 5271 VIPAVA","20 01 01","Paper and Cardboard from Municipal Waste (20 01 01)","Municipal Waste",490.146
2024,"GORIŠKA","CERO Ajdovščina; DOLGA POLJANA 1I, 5271 VIPAVA","20 01 38","Non-hazardous Wood from Municipal Waste (20 01 38)","Municipal Waste",746.95
2024,"GORIŠKA","CERO Ajdovščina; DOLGA POLJANA 1I, 5271 VIPAVA","20 03 07","Bulky Municipal Waste (20 03 07)","Municipal Waste",125.725
2024,"GORIŠKA","Ljubevč","15 01 01","Paper and Cardboard Packaging (15 01 01)","Packaging Waste",166.296
2024,"GORIŠKA","Ljubevč","20 01 01","Paper and Cardboard from Municipal Waste (20 01 01)","Municipal Waste",286.26
2024,"GORIŠKA","Ljubevč","20 01 38","Non-hazardous Wood from Municipal Waste (20 01 38)","Municipal Waste",415.78
2024,"GORIŠKA","Ljubevč","20 03 07","Bulky Municipal Waste (20 03 07)","Municipal Waste",525.06
2024,"GORIŠKA","SEDEŽ - Zbirni center Zipos d.o.o.; POLJUBINJ 98A, 5220 TOLMIN","15 01 03","Wooden Packaging (15 01 03)","Packaging Waste",21.26
2024,"GORIŠKA","Skladišče Nova Gorica; CESTA IX. KORPUSA 110, 5250 SOLKAN","20 01 38","Non-hazardous Wood from Municipal Waste (20 01 38)","Municipal Waste",0.868
2024,"GORIŠKA","Srpenica","17 02 01","Construction Wood Waste (17 02 01)","Construction/Demolition Waste",10.25
2024,"GORIŠKA","ZBIRNI CENTER VOLČE","15 01 01","Paper and Cardboard Packaging (15 01 01)","Packaging Waste",248.438
2024,"GORIŠKA","ZBIRNI CENTER VOLČE","20 01 01","Paper and Cardboard from Municipal Waste (20 01 01)","Municipal Waste",309.045
2024,"GORIŠKA","ZBIRNI CENTER VOLČE","20 01 38","Non-hazardous Wood from Municipal Waste (20 01 38)","Municipal Waste",562.54
2024,"GORIŠKA","ZBIRNI CENTER VOLČE","20 03 07","Bulky Municipal Waste (20 03 07)","Municipal Waste",249.8
2024,"GORIŠKA","ZC CERO Nova Gorica; ULICA PARTIZANSKE TEHNIKE 6, 5000 NOVA GORICA","03 01 05","Sawdust/Shavings/Cuttings (03 01 05)","Wood/Paper Production Waste",30.79
2024,"GORIŠKA","ZC CERO Nova Gorica; ULICA PARTIZANSKE TEHNIKE 6, 5000 NOVA GORICA","15 01 01","Paper and Cardboard Packaging (15 01 01)","Packaging Waste",1706.457
2024,"GORIŠKA","ZC CERO Nova Gorica; ULICA PARTIZANSKE TEHNIKE 6, 5000 NOVA GORICA","15 01 03","Wooden Packaging (15 01 03)","Packaging Waste",198.847
2024,"GORIŠKA","ZC CERO Nova Gorica; ULICA PARTIZANSKE TEHNIKE 6, 5000 NOVA GORICA","17 02 01","Construction Wood Waste (17 02 01)","Construction/Demolition Waste",66.26
2024,"GORIŠKA","ZC CERO Nova Gorica; ULICA PARTIZANSKE TEHNIKE 6, 5000 NOVA GORICA","20 01 01","Paper and Cardboard from Municipal Waste (20 01 01)","Municipal Waste",871.24
2024,"GORIŠKA","ZC CERO Nova Gorica; ULICA PARTIZANSKE TEHNIKE 6, 5000 NOVA GORICA","20 01 38","Non-hazardous Wood from Municipal Waste (20 01 38)","Municipal Waste",1626.98
2024,"GORIŠKA","ZC CERO Nova Gorica; ULICA PARTIZANSKE TEHNIKE 6, 5000 NOVA GORICA","20 03 07","Bulky Municipal Waste (20 03 07)","Municipal Waste",1988.927
2024,"GORIŠKA","ZC VRTOJBA","15 01 01","Paper and Cardboard Packaging (15 01 01)","Packaging Waste",61.392
2024,"GORIŠKA","ZC VRTOJBA","20 01 01","Paper and Cardboard from Municipal Waste (20 01 01)","Municipal Waste",86.655
2024,"GORIŠKA","ZC VRTOJBA","20 01 38","Non-hazardous Wood from Municipal Waste (20 01 38)","Municipal Waste",178.61
2024,"GORIŠKA","ZC VRTOJBA","20 03 07","Bulky Municipal Waste (20 03 07)","Municipal Waste",55.39
2024,"JUGOVZHODNA SLOVENIJA","32372, PCRO Vranoviči","15 01 01","Paper and Cardboard Packaging (15 01 01)","Packaging Waste",159.298
2024,"JUGOVZHODNA SLOVENIJA","32372, PCRO Vranoviči","20 01 01","Paper and Cardboard from Municipal Waste (20 01 01)","Municipal Waste",109.94
2024,"JUGOVZHODNA SLOVENIJA","32372, PCRO Vranoviči","20 01 38","Non-hazardous Wood from Municipal Waste (20 01 38)","Municipal Waste",405.04
2024,"JUGOVZHODNA SLOVENIJA","32372, PCRO Vranoviči","20 03 07","Bulky Municipal Waste (20 03 07)","Municipal Waste",677.48
2024,"JUGOVZHODNA SLOVENIJA","Bočka","15 01 01","Paper and Cardboard Packaging (15 01 01)","Packaging Waste",166.255
2024,"JUGOVZHODNA SLOVENIJA","Bočka","20 01 01","Paper and Cardboard from Municipal Waste (20 01 01)","Municipal Waste",5.06
2024,"JUGOVZHODNA SLOVENIJA","Bočka","20 01 38","Non-hazardous Wood from Municipal Waste (20 01 38)","Municipal Waste",328.22
2024,"JUGOVZHODNA SLOVENIJA","Bočka","20 03 07","Bulky Municipal Waste (20 03 07)","Municipal Waste",336.33
2024,"JUGOVZHODNA SLOVENIJA","Dolenjske Toplice","15 01 01","Paper and Cardboard Packaging (15 01 01)","Packaging Waste",49.203
2024,"JUGOVZHODNA SLOVENIJA","Dolenjske Toplice","20 01 01","Paper and Cardboard from Municipal Waste (20 01 01)","Municipal Waste",12.6
2024,"JUGOVZHODNA SLOVENIJA","Dolenjske Toplice","20 01 38","Non-hazardous Wood from Municipal Waste (20 01 38)","Municipal Waste",75.456
2024,"JUGOVZHODNA SLOVENIJA","Dolenjske Toplice","20 03 07","Bulky Municipal Waste (20 03 07)","Municipal Waste",90.229
2024,"JUGOVZHODNA SLOVENIJA","Goriča vas","15 01 01","Paper and Cardboard Packaging (15 01 01)","Packaging Waste",170.759
2024,"JUGOVZHODNA SLOVENIJA","Goriča vas","20 01 01","Paper and Cardboard from Municipal Waste (20 01 01)","Municipal Waste",10.956
2024,"JUGOVZHODNA SLOVENIJA","Goriča vas","20 01 38","Non-hazardous Wood from Municipal Waste (20 01 38)","Municipal Waste",302.96
2024,"JUGOVZHODNA SLOVENIJA","Goriča vas","20 03 07","Bulky Municipal Waste (20 03 07)","Municipal Waste",409.9
2024,"JUGOVZHODNA SLOVENIJA","Mali Log","20 03 07","Bulky Municipal Waste (20 03 07)","Municipal Waste",49.32
2024,"JUGOVZHODNA SLOVENIJA","Novo mesto","15 01 01","Paper and Cardboard Packaging (15 01 01)","Packaging Waste",726.192
2024,"JUGOVZHODNA SLOVENIJA","Novo mesto","20 01 01","Paper and Cardboard from Municipal Waste (20 01 01)","Municipal Waste",185.974
2024,"JUGOVZHODNA SLOVENIJA","Novo mesto","20 01 38","Non-hazardous Wood from Municipal Waste (20 01 38)","Municipal Waste",1092.63
2024,"JUGOVZHODNA SLOVENIJA","Novo mesto","20 03 07","Bulky Municipal Waste (20 03 07)","Municipal Waste",1306.552
2024,"JUGOVZHODNA SLOVENIJA","PE Žaga Laze; LAZE 26, 8323 URŠNA SELA","03 01 05","Sawdust/Shavings/Cuttings (03 01 05)","Wood/Paper Production Waste",206.809
2024,"JUGOVZHODNA SLOVENIJA","PE Žaga Laze; LAZE 26, 8323 URŠNA SELA","19 12 07","Wood Waste from Treatment (not 19 12 06) (19 12 07)","Waste Treatment Residues",541.46
2024,"JUGOVZHODNA SLOVENIJA","Skladišče Kočevje; NOVOMEŠKA CESTA 8, 1330 KOČEVJE","17 02 01","Construction Wood Waste (17 02 01)","Construction/Demolition Waste",38.02
2024,"JUGOVZHODNA SLOVENIJA","ZBIRNI CENTER na lokaciji Industrijske cone Kanižarica","15 01 01","Paper and Cardboard Packaging (15 01 01)","Packaging Waste",20.04
2024,"JUGOVZHODNA SLOVENIJA","ZBIRNI CENTER na lokaciji Industrijske cone Kanižarica","15 01 03","Wooden Packaging (15 01 03)","Packaging Waste",6.04
2024,"JUGOVZHODNA SLOVENIJA","Zbirni center Globoko in odlagališče Globoko; Hudeje 40, 8210 Trebnje","15 01 01","Paper and Cardboard Packaging (15 01 01)","Packaging Waste",351.616
2024,"JUGOVZHODNA SLOVENIJA","Zbirni center Globoko in odlagališče Globoko; Hudeje 40, 8210 Trebnje","20 01 38","Non-hazardous Wood from Municipal Waste (20 01 38)","Municipal Waste",465.06
2024,"JUGOVZHODNA SLOVENIJA","Zbirni center Globoko in odlagališče Globoko; Hudeje 40, 8210 Trebnje","20 03 07","Bulky Municipal Waste (20 03 07)","Municipal Waste",224.92
2024,"JUGOVZHODNA SLOVENIJA","Zbirni center Mozelj","15 01 01","Paper and Cardboard Packaging (15 01 01)","Packaging Waste",309.982
2024,"JUGOVZHODNA SLOVENIJA","Zbirni center Mozelj","20 01 01","Paper and Cardboard from Municipal Waste (20 01 01)","Municipal Waste",66.624
2024,"JUGOVZHODNA SLOVENIJA","Zbirni center Mozelj","20 01 38","Non-hazardous Wood from Municipal Waste (20 01 38)","Municipal Waste",422.24
2024,"JUGOVZHODNA SLOVENIJA","Zbirni center Mozelj","20 03 07","Bulky Municipal Waste (20 03 07)","Municipal Waste",799.42
2024,"JUGOVZHODNA SLOVENIJA","Zbirni center Mrtvice; MRTVICE 10, 1332 STARA CERKEV","15 01 01","Paper and Cardboard Packaging (15 01 01)","Packaging Waste",8.97
2024,"JUGOVZHODNA SLOVENIJA","Zbirni center Mrtvice; MRTVICE 10, 1332 STARA CERKEV","15 01 03","Wooden Packaging (15 01 03)","Packaging Waste",5.38
2024,"JUGOVZHODNA SLOVENIJA","Šentjernej","15 01 01","Paper and Cardboard Packaging (15 01 01)","Packaging Waste",92.658
2024,"JUGOVZHODNA SLOVENIJA","Šentjernej","20 01 01","Paper and Cardboard from Municipal Waste (20 01 01)","Municipal Waste",23.729
2024,"JUGOVZHODNA SLOVENIJA","Šentjernej","20 01 38","Non-hazardous Wood from Municipal Waste (20 01 38)","Municipal Waste",153.745
2024,"JUGOVZHODNA SLOVENIJA","Šentjernej","20 03 07","Bulky Municipal Waste (20 03 07)","Municipal Waste",183.845
2024,"JUGOVZHODNA SLOVENIJA","Žužemberk","15 01 01","Paper and Cardboard Packaging (15 01 01)","Packaging Waste",57.472
2024,"JUGOVZHODNA SLOVENIJA","Žužemberk","20 01 01","Paper and Cardboard from Municipal Waste (20 01 01)","Municipal Waste",14.718
2024,"JUGOVZHODNA SLOVENIJA","Žužemberk","20 01 38","Non-hazardous Wood from Municipal Waste (20 01 38)","Municipal Waste",96.589
2024,"JUGOVZHODNA SLOVENIJA","Žužemberk","20 03 07","Bulky Municipal Waste (20 03 07)","Municipal Waste",115.5
2024,"KOROŠKA","Dobja vas","15 01 01","Paper and Cardboard Packaging (15 01 01)","Packaging Waste",173.03
2024,"KOROŠKA","Dobja vas","20 01 01","Paper and Cardboard from Municipal Waste (20 01 01)","Municipal Waste",211.494
2024,"KOROŠKA","Dobja vas","20 03 07","Bulky Municipal Waste (20 03 07)","Municipal Waste",956.42
2024,"KOROŠKA","Otiški Vrh","15 01 01","Paper and Cardboard Packaging (15 01 01)","Packaging Waste",61.08
2024,"KOROŠKA","Otiški Vrh","20 01 01","Paper and Cardboard from Municipal Waste (20 01 01)","Municipal Waste",74.65
2024,"KOROŠKA","Otiški Vrh","20 03 07","Bulky Municipal Waste (20 03 07)","Municipal Waste",400.4
2024,"KOROŠKA","Pameče","15 01 01","Paper and Cardboard Packaging (15 01 01)","Packaging Waste",171.37
2024,"KOROŠKA","Pameče","20 01 01","Paper and Cardboard from Municipal Waste (20 01 01)","Municipal Waste",214.3
2024,"KOROŠKA","Pameče","20 03 07","Bulky Municipal Waste (20 03 07)","Municipal Waste",1072.26
2024,"KOROŠKA","Radlje ob Dravi","15 01 01","Paper and Cardboard Packaging (15 01 01)","Packaging Waste",86.95
2024,"KOROŠKA","Radlje ob Dravi","20 01 01","Paper and Cardboard from Municipal Waste (20 01 01)","Municipal Waste",106.27
2024,"KOROŠKA","Radlje ob Dravi","20 03 07","Bulky Municipal Waste (20 03 07)","Municipal Waste",359.64
2024,"KOROŠKA","Skladišče Dravograd; OTIŠKI VRH 25E, 2373 ŠENTJANŽ PRI DRAVOGRADU","03 01 05","Sawdust/Shavings/Cuttings (03 01 05)","Wood/Paper Production Waste",11.5
2024,"KOROŠKA","Skladišče Dravograd; OTIŠKI VRH 25E, 2373 ŠENTJANŽ PRI DRAVOGRADU","15 01 01","Paper and Cardboard Packaging (15 01 01)","Packaging Waste",899.089
2024,"KOROŠKA","Skladišče Dravograd; OTIŠKI VRH 25E, 2373 ŠENTJANŽ PRI DRAVOGRADU","15 01 03","Wooden Packaging (15 01 03)","Packaging Waste",546.457
2024,"KOROŠKA","Skladišče Dravograd; OTIŠKI VRH 25E, 2373 ŠENTJANŽ PRI DRAVOGRADU","17 02 01","Construction Wood Waste (17 02 01)","Construction/Demolition Waste",64.56
2024,"KOROŠKA","Skladišče Dravograd; OTIŠKI VRH 25E, 2373 ŠENTJANŽ PRI DRAVOGRADU","19 12 01","Paper and Cardboard from Waste Treatment (19 12 01)","Waste Treatment Residues",2.842
2024,"KOROŠKA","Skladišče Dravograd; OTIŠKI VRH 25E, 2373 ŠENTJANŽ PRI DRAVOGRADU","20 01 01","Paper and Cardboard from Municipal Waste (20 01 01)","Municipal Waste",289.348
2024,"KOROŠKA","Skladišče Dravograd; OTIŠKI VRH 25E, 2373 ŠENTJANŽ PRI DRAVOGRADU","20 01 38","Non-hazardous Wood from Municipal Waste (20 01 38)","Municipal Waste",35.88
2024,"KOROŠKA","Skladišče Dravograd; OTIŠKI VRH 25E, 2373 ŠENTJANŽ PRI DRAVOGRADU","20 03 07","Bulky Municipal Waste (20 03 07)","Municipal Waste",2.1
2024,"KOROŠKA","občina Dravograd (odpadki od poplav)","20 03 07","Bulky Municipal Waste (20 03 07)","Municipal Waste",8237.26
2024,"OBALNO-KRAŠKA","CERO Sežana","15 01 01","Paper and Cardboard Packaging (15 01 01)","Packaging Waste",321.026
2024,"OBALNO-KRAŠKA","CERO Sežana","20 01 01","Paper and Cardboard from Municipal Waste (20 01 01)","Municipal Waste",496.09
2024,"OBALNO-KRAŠKA","CERO Sežana","20 01 38","Non-hazardous Wood from Municipal Waste (20 01 38)","Municipal Waste",594.76
2024,"OBALNO-KRAŠKA","CERO Sežana","20 03 07","Bulky Municipal Waste (20 03 07)","Municipal Waste",172.36
2024,"OBALNO-KRAŠKA","Center za ravnanje z odpadki, sedež; VOJKOVO NABREŽJE 38, 6000 KOPER - CAPODISTRIA","03 01 05","Sawdust/Shavings/Cuttings (03 01 05)","Wood/Paper Production Waste",18.98
2024,"OBALNO-KRAŠKA","Center za ravnanje z odpadki, sedež; VOJKOVO NABREŽJE 38, 6000 KOPER - CAPODISTRIA","15 01 01","Paper and Cardboard Packaging (15 01 01)","Packaging Waste",125.98
2024,"OBALNO-KRAŠKA","Center za ravnanje z odpadki, sedež; VOJKOVO NABREŽJE 38, 6000 KOPER - CAPODISTRIA","15 01 03","Wooden Packaging (15 01 03)","Packaging Waste",1567.84
2024,"OBALNO-KRAŠKA","Center za ravnanje z odpadki, sedež; VOJKOVO NABREŽJE 38, 6000 KOPER - CAPODISTRIA","20 03 07","Bulky Municipal Waste (20 03 07)","Municipal Waste",167.893
2024,"OBALNO-KRAŠKA","DVORI","20 01 38","Non-hazardous Wood from Municipal Waste (20 01 38)","Municipal Waste",168.19
2024,"OBALNO-KRAŠKA","Dragonja","15 01 01","Paper and Cardboard Packaging (15 01 01)","Packaging Waste",508.723
2024,"OBALNO-KRAŠKA","Dragonja","20 01 01","Paper and Cardboard from Municipal Waste (20 01 01)","Municipal Waste",223.343
2024,"OBALNO-KRAŠKA","Dragonja","20 01 38","Non-hazardous Wood from Municipal Waste (20 01 38)","Municipal Waste",736.34
2024,"OBALNO-KRAŠKA","Dragonja","20 03 07","Bulky Municipal Waste (20 03 07)","Municipal Waste",1551.64
2024,"OBALNO-KRAŠKA","SERMIN","15 01 01","Paper and Cardboard Packaging (15 01 01)","Packaging Waste",942.987
2024,"OBALNO-KRAŠKA","SERMIN","20 01 01","Paper and Cardboard from Municipal Waste (20 01 01)","Municipal Waste",842.617
2024,"OBALNO-KRAŠKA","SERMIN","20 01 38","Non-hazardous Wood from Municipal Waste (20 01 38)","Municipal Waste",1765.61
2024,"OBALNO-KRAŠKA","SERMIN","20 03 07","Bulky Municipal Waste (20 03 07)","Municipal Waste",357.81
2024,"OBALNO-KRAŠKA","Zbirni center Izola","15 01 01","Paper and Cardboard Packaging (15 01 01)","Packaging Waste",262.361
2024,"OBALNO-KRAŠKA","Zbirni center Izola","20 01 01","Paper and Cardboard from Municipal Waste (20 01 01)","Municipal Waste",362.75
2024,"OBALNO-KRAŠKA","Zbirni center Izola","20 01 38","Non-hazardous Wood from Municipal Waste (20 01 38)","Municipal Waste",711.1
2024,"OBALNO-KRAŠKA","Zbirni center Izola","20 03 07","Bulky Municipal Waste (20 03 07)","Municipal Waste",304.46
2024,"OSREDNJESLOVENSKA","CERO ŠPAJA DOLINA","15 01 01","Paper and Cardboard Packaging (15 01 01)","Packaging Waste",332.27
2024,"OSREDNJESLOVENSKA","CERO ŠPAJA DOLINA","15 01 03","Wooden Packaging (15 01 03)","Packaging Waste",74.35
2024,"OSREDNJESLOVENSKA","CERO ŠPAJA DOLINA","20 01 01","Paper and Cardboard from Municipal Waste (20 01 01)","Municipal Waste",883.97
2024,"OSREDNJESLOVENSKA","CERO ŠPAJA DOLINA","20 01 38","Non-hazardous Wood from Municipal Waste (20 01 38)","Municipal Waste",875.47
2024,"OSREDNJESLOVENSKA","CERO ŠPAJA DOLINA","20 03 07","Bulky Municipal Waste (20 03 07)","Municipal Waste",769.63
2024,"OSREDNJESLOVENSKA","CRO DOB","15 01 01","Paper and Cardboard Packaging (15 01 01)","Packaging Waste",875.604
2024,"OSREDNJESLOVENSKA","CRO DOB","20 01 01","Paper and Cardboard from Municipal Waste (20 01 01)","Municipal Waste",888.827
2024,"OSREDNJESLOVENSKA","CRO DOB","20 01 38","Non-hazardous Wood from Municipal Waste (20 01 38)","Municipal Waste",2665.41
2024,"OSREDNJESLOVENSKA","CRO DOB","20 03 07","Bulky Municipal Waste (20 03 07)","Municipal Waste",1898.38
2024,"OSREDNJESLOVENSKA","Center za ravnanje z odpadki Suhadole; SUHADOLE 101, 1218 KOMENDA","15 01 01","Paper and Cardboard Packaging (15 01 01)","Packaging Waste",201.317
2024,"OSREDNJESLOVENSKA","Center za ravnanje z odpadki Suhadole; SUHADOLE 101, 1218 KOMENDA","20 01 01","Paper and Cardboard from Municipal Waste (20 01 01)","Municipal Waste",1207.968
2024,"OSREDNJESLOVENSKA","Center za ravnanje z odpadki Suhadole; SUHADOLE 101, 1218 KOMENDA","20 01 38","Non-hazardous Wood from Municipal Waste (20 01 38)","Municipal Waste",561.32
2024,"OSREDNJESLOVENSKA","Center za ravnanje z odpadki Suhadole; SUHADOLE 101, 1218 KOMENDA","20 03 07","Bulky Municipal Waste (20 03 07)","Municipal Waste",4294.93
2024,"OSREDNJESLOVENSKA","Center za zbiranje in predelavo odpadkov  Brdo; OBRTNA CONA LOGATEC 32, 1370 LOGATEC","15 01 01","Paper and Cardboard Packaging (15 01 01)","Packaging Waste",103.276
2024,"OSREDNJESLOVENSKA","Center za zbiranje in predelavo odpadkov  Brdo; OBRTNA CONA LOGATEC 32, 1370 LOGATEC","15 01 03","Wooden Packaging (15 01 03)","Packaging Waste",52.8
2024,"OSREDNJESLOVENSKA","Center za zbiranje in predelavo odpadkov  Brdo; OBRTNA CONA LOGATEC 32, 1370 LOGATEC","17 02 01","Construction Wood Waste (17 02 01)","Construction/Demolition Waste",15.92
2024,"OSREDNJESLOVENSKA","JP KPV, d.o.o.; POT NA TOJNICE 40, 1360 VRHNIKA","15 01 01","Paper and Cardboard Packaging (15 01 01)","Packaging Waste",151.48
2024,"OSREDNJESLOVENSKA","JP KPV, d.o.o.; POT NA TOJNICE 40, 1360 VRHNIKA","20 01 01","Paper and Cardboard from Municipal Waste (20 01 01)","Municipal Waste",743.47
2024,"OSREDNJESLOVENSKA","JP KPV, d.o.o.; POT NA TOJNICE 40, 1360 VRHNIKA","20 01 38","Non-hazardous Wood from Municipal Waste (20 01 38)","Municipal Waste",618.32
2024,"OSREDNJESLOVENSKA","JP KPV, d.o.o.; POT NA TOJNICE 40, 1360 VRHNIKA","20 03 07","Bulky Municipal Waste (20 03 07)","Municipal Waste",300.3
2024,"OSREDNJESLOVENSKA","Kemis; POT NA TOJNICE 42, 1360 VRHNIKA","03 01 05","Sawdust/Shavings/Cuttings (03 01 05)","Wood/Paper Production Waste",44.98
2024,"OSREDNJESLOVENSKA","Kemis; POT NA TOJNICE 42, 1360 VRHNIKA","15 01 01","Paper and Cardboard Packaging (15 01 01)","Packaging Waste",3.352
2024,"OSREDNJESLOVENSKA","Kemis; POT NA TOJNICE 42, 1360 VRHNIKA","20 01 01","Paper and Cardboard from Municipal Waste (20 01 01)","Municipal Waste",0.516
2024,"OSREDNJESLOVENSKA","Komenda; POD HRASTI 33, 1218 KOMENDA","20 01 01","Paper and Cardboard from Municipal Waste (20 01 01)","Municipal Waste",15015.216
2024,"OSREDNJESLOVENSKA","Logatec; IOC ZAPOLJE III 9, 1370 LOGATEC","15 01 01","Paper and Cardboard Packaging (15 01 01)","Packaging Waste",2172.894
2024,"OSREDNJESLOVENSKA","Logatec; IOC ZAPOLJE III 9, 1370 LOGATEC","15 01 03","Wooden Packaging (15 01 03)","Packaging Waste",1670.184
2024,"OSREDNJESLOVENSKA","Logatec; IOC ZAPOLJE III 9, 1370 LOGATEC","19 12 01","Paper and Cardboard from Waste Treatment (19 12 01)","Waste Treatment Residues",664.369
2024,"OSREDNJESLOVENSKA","Logatec; IOC ZAPOLJE III 9, 1370 LOGATEC","20 01 01","Paper and Cardboard from Municipal Waste (20 01 01)","Municipal Waste",686.282
2024,"OSREDNJESLOVENSKA","Logatec; IOC ZAPOLJE III 9, 1370 LOGATEC","20 01 38","Non-hazardous Wood from Municipal Waste (20 01 38)","Municipal Waste",1.38
2024,"OSREDNJESLOVENSKA","Ostri vrh","15 01 01","Paper and Cardboard Packaging (15 01 01)","Packaging Waste",186.321
2024,"OSREDNJESLOVENSKA","Ostri vrh","20 01 01","Paper and Cardboard from Municipal Waste (20 01 01)","Municipal Waste",179.591
2024,"OSREDNJESLOVENSKA","Ostri vrh","20 01 38","Non-hazardous Wood from Municipal Waste (20 01 38)","Municipal Waste",359.99
2024,"OSREDNJESLOVENSKA","Ostri vrh","20 03 07","Bulky Municipal Waste (20 03 07)","Municipal Waste",130.99
2024,"OSREDNJESLOVENSKA","Skladišče Ljubljana; ŠLANDROVA ULICA 6, 1231 LJUBLJANA - ČRNUČE","03 03 08","Waste from Sorting of Paper and Cardboard for Recycling (03 03 08)","Wood/Paper Production Waste",2317.423
2024,"OSREDNJESLOVENSKA","Skladišče Ljubljana; ŠLANDROVA ULICA 6, 1231 LJUBLJANA - ČRNUČE","15 01 01","Paper and Cardboard Packaging (15 01 01)","Packaging Waste",4033.014
2024,"OSREDNJESLOVENSKA","Skladišče Ljubljana; ŠLANDROVA ULICA 6, 1231 LJUBLJANA - ČRNUČE","15 01 03","Wooden Packaging (15 01 03)","Packaging Waste",1769.251
2024,"OSREDNJESLOVENSKA","Skladišče Ljubljana; ŠLANDROVA ULICA 6, 1231 LJUBLJANA - ČRNUČE","17 02 01","Construction Wood Waste (17 02 01)","Construction/Demolition Waste",13.14
2024,"OSREDNJESLOVENSKA","Skladišče Ljubljana; ŠLANDROVA ULICA 6, 1231 LJUBLJANA - ČRNUČE","19 12 01","Paper and Cardboard from Waste Treatment (19 12 01)","Waste Treatment Residues",0.64
2024,"OSREDNJESLOVENSKA","Skladišče Ljubljana; ŠLANDROVA ULICA 6, 1231 LJUBLJANA - ČRNUČE","19 12 07","Wood Waste from Treatment (not 19 12 06) (19 12 07)","Waste Treatment Residues",12.095
2024,"OSREDNJESLOVENSKA","Skladišče Ljubljana; ŠLANDROVA ULICA 6, 1231 LJUBLJANA - ČRNUČE","20 01 01","Paper and Cardboard from Municipal Waste (20 01 01)","Municipal Waste",5648.718
2024,"OSREDNJESLOVENSKA","Skladišče Ljubljana; ŠLANDROVA ULICA 6, 1231 LJUBLJANA - ČRNUČE","20 01 38","Non-hazardous Wood from Municipal Waste (20 01 38)","Municipal Waste",94.159
2024,"OSREDNJESLOVENSKA","ZC Barje; CESTA DVEH CESARJEV 101, 1000 LJUBLJANA","15 01 01","Paper and Cardboard Packaging (15 01 01)","Packaging Waste",10942.598
2024,"OSREDNJESLOVENSKA","ZC Barje; CESTA DVEH CESARJEV 101, 1000 LJUBLJANA","15 01 03","Wooden Packaging (15 01 03)","Packaging Waste",273.62
2024,"OSREDNJESLOVENSKA","ZC Barje; CESTA DVEH CESARJEV 101, 1000 LJUBLJANA","20 01 01","Paper and Cardboard from Municipal Waste (20 01 01)","Municipal Waste",7523.156
2024,"OSREDNJESLOVENSKA","ZC Barje; CESTA DVEH CESARJEV 101, 1000 LJUBLJANA","20 01 38","Non-hazardous Wood from Municipal Waste (20 01 38)","Municipal Waste",9702.24
2024,"OSREDNJESLOVENSKA","ZC Barje; CESTA DVEH CESARJEV 101, 1000 LJUBLJANA","20 03 07","Bulky Municipal Waste (20 03 07)","Municipal Waste",10052.28
2024,"OSREDNJESLOVENSKA","Zbirni center 1; BRNČIČEVA ULICA 29, 1231 LJUBLJANA - ČRNUČE","20 01 01","Paper and Cardboard from Municipal Waste (20 01 01)","Municipal Waste",4.28
2024,"OSREDNJESLOVENSKA","Zbirni center DARKO Moste","15 01 01","Paper and Cardboard Packaging (15 01 01)","Packaging Waste",23.72
2024,"OSREDNJESLOVENSKA","Zbirni center DARKO Moste","17 02 01","Construction Wood Waste (17 02 01)","Construction/Demolition Waste",1088.48
2024,"OSREDNJESLOVENSKA","Zbirni center Publicus Suhadole; SUHADOLE 101, 1218 KOMENDA","20 01 01","Paper and Cardboard from Municipal Waste (20 01 01)","Municipal Waste",643.828
2024,"OSREDNJESLOVENSKA","Zbirni center Publicus Suhadole; SUHADOLE 101, 1218 KOMENDA","20 01 38","Non-hazardous Wood from Municipal Waste (20 01 38)","Municipal Waste",82.44
2024,"OSREDNJESLOVENSKA","Zbirni center Publicus Suhadole; SUHADOLE 101, 1218 KOMENDA","20 03 07","Bulky Municipal Waste (20 03 07)","Municipal Waste",60.05
2024,"OSREDNJESLOVENSKA","Šmartno pri Litiji","15 01 01","Paper and Cardboard Packaging (15 01 01)","Packaging Waste",281.925
2024,"OSREDNJESLOVENSKA","Šmartno pri Litiji","20 01 01","Paper and Cardboard from Municipal Waste (20 01 01)","Municipal Waste",266.415
2024,"OSREDNJESLOVENSKA","Šmartno pri Litiji","20 01 38","Non-hazardous Wood from Municipal Waste (20 01 38)","Municipal Waste",541.33
2024,"OSREDNJESLOVENSKA","Šmartno pri Litiji","20 03 07","Bulky Municipal Waste (20 03 07)","Municipal Waste",706.49
2024,"PODRAVSKA","CERO","15 01 01","Paper and Cardboard Packaging (15 01 01)","Packaging Waste",344.843
2024,"PODRAVSKA","CERO","20 01 01","Paper and Cardboard from Municipal Waste (20 01 01)","Municipal Waste",604.363
2024,"PODRAVSKA","CERO GAJKE","15 01 01","Paper and Cardboard Packaging (15 01 01)","Packaging Waste",18.448
2024,"PODRAVSKA","CERO GAJKE","20 01 01","Paper and Cardboard from Municipal Waste (20 01 01)","Municipal Waste",50.017
2024,"PODRAVSKA","CERO GAJKE","20 01 38","Non-hazardous Wood from Municipal Waste (20 01 38)","Municipal Waste",2.981
2024,"PODRAVSKA","CERO GAJKE","20 03 07","Bulky Municipal Waste (20 03 07)","Municipal Waste",21.676
2024,"PODRAVSKA","CERO Gajke, DORNAVSKA CESTA 26, 2250 PTUJ","15 01 01","Paper and Cardboard Packaging (15 01 01)","Packaging Waste",263.231
2024,"PODRAVSKA","CERO Gajke; DORNAVSKA CESTA 26, 2250 PTUJ","20 01 01","Paper and Cardboard from Municipal Waste (20 01 01)","Municipal Waste",687.88
2024,"PODRAVSKA","CERO Gajke; DORNAVSKA CESTA 26, 2250 PTUJ","20 01 38","Non-hazardous Wood from Municipal Waste (20 01 38)","Municipal Waste",243.256
2024,"PODRAVSKA","CERO Gajke; DORNAVSKA CESTA 26, 2250 PTUJ","20 03 07","Bulky Municipal Waste (20 03 07)","Municipal Waste",827.665
2024,"PODRAVSKA","GORIŠNICA","15 01 01","Paper and Cardboard Packaging (15 01 01)","Packaging Waste",33.519
2024,"PODRAVSKA","GORIŠNICA","20 01 01","Paper and Cardboard from Municipal Waste (20 01 01)","Municipal Waste",79.212
2024,"PODRAVSKA","GORIŠNICA","20 01 38","Non-hazardous Wood from Municipal Waste (20 01 38)","Municipal Waste",48.64
2024,"PODRAVSKA","GORIŠNICA","20 03 07","Bulky Municipal Waste (20 03 07)","Municipal Waste",229.8
2024,"PODRAVSKA","HAJDINA","15 01 01","Paper and Cardboard Packaging (15 01 01)","Packaging Waste",37.695
2024,"PODRAVSKA","HAJDINA","20 01 01","Paper and Cardboard from Municipal Waste (20 01 01)","Municipal Waste",89.082
2024,"PODRAVSKA","HAJDINA","20 01 38","Non-hazardous Wood from Municipal Waste (20 01 38)","Municipal Waste",83.639
2024,"PODRAVSKA","HAJDINA","20 03 07","Bulky Municipal Waste (20 03 07)","Municipal Waste",253.003
2024,"PODRAVSKA","MARKOVCI","15 01 01","Paper and Cardboard Packaging (15 01 01)","Packaging Waste",32.138
2024,"PODRAVSKA","MARKOVCI","20 01 01","Paper and Cardboard from Municipal Waste (20 01 01)","Municipal Waste",75.95
2024,"PODRAVSKA","MARKOVCI","20 01 38","Non-hazardous Wood from Municipal Waste (20 01 38)","Municipal Waste",67.96
2024,"PODRAVSKA","MARKOVCI","20 03 07","Bulky Municipal Waste (20 03 07)","Municipal Waste",248.12
2024,"PODRAVSKA","MURETINCI","17 02 01","Construction Wood Waste (17 02 01)","Construction/Demolition Waste",41.8
2024,"PODRAVSKA","P.URŠIČ d.o.o.; TOVARNIŠKA CESTA 51, 2342 RUŠE","15 01 01","Paper and Cardboard Packaging (15 01 01)","Packaging Waste",34.2
2024,"PODRAVSKA","P.URŠIČ d.o.o.; TOVARNIŠKA CESTA 51, 2342 RUŠE","15 01 03","Wooden Packaging (15 01 03)","Packaging Waste",50.28
2024,"PODRAVSKA","SEDEŽ; KOLODVORSKA ULICA 37D, 2310 SLOVENSKA BISTRICA","17 02 01","Construction Wood Waste (17 02 01)","Construction/Demolition Waste",8.76
2024,"PODRAVSKA","SEDEŽ; MURETINCI 47B, 2272 GORIŠNICA","17 02 01","Construction Wood Waste (17 02 01)","Construction/Demolition Waste",71.72
2024,"PODRAVSKA","Skladišče Maribor, TRŽAŠKA CESTA 55, 2000 MARIBOR","20 01 01","Paper and Cardboard from Municipal Waste (20 01 01)","Municipal Waste",552.252
2024,"PODRAVSKA","Skladišče Ptuj; ŠPINDLERJEVA ULICA 21, 2250 PTUJ","15 01 01","Paper and Cardboard Packaging (15 01 01)","Packaging Waste",121.721
2024,"PODRAVSKA","Skladišče Ptuj; ŠPINDLERJEVA ULICA 21, 2250 PTUJ","17 02 01","Construction Wood Waste (17 02 01)","Construction/Demolition Waste",72.94
2024,"PODRAVSKA","Skladišče Ptuj; ŠPINDLERJEVA ULICA 21, 2250 PTUJ","20 01 01","Paper and Cardboard from Municipal Waste (20 01 01)","Municipal Waste",644.232
2024,"PODRAVSKA","Skladišče Ptuj; ŠPINDLERJEVA ULICA 21, 2250 PTUJ","20 01 38","Non-hazardous Wood from Municipal Waste (20 01 38)","Municipal Waste",10.26
2024,"PODRAVSKA","Skladišče Ptuj; ŠPINDLERJEVA ULICA 21, 2250 PTUJ","20 03 07","Bulky Municipal Waste (20 03 07)","Municipal Waste",8.352
2024,"PODRAVSKA","ZC Maribor; TRŽAŠKA CESTA 39, 2000 MARIBOR","15 01 01","Paper and Cardboard Packaging (15 01 01)","Packaging Waste",43.565
2024,"PODRAVSKA","ZC Maribor; TRŽAŠKA CESTA 39, 2000 MARIBOR","15 01 03","Wooden Packaging (15 01 03)","Packaging Waste",0.34
2024,"PODRAVSKA","ZC Maribor; TRŽAŠKA CESTA 39, 2000 MARIBOR","17 02 01","Construction Wood Waste (17 02 01)","Construction/Demolition Waste",53.18
2024,"PODRAVSKA","ZC Maribor; TRŽAŠKA CESTA 39, 2000 MARIBOR","20 01 01","Paper and Cardboard from Municipal Waste (20 01 01)","Municipal Waste",21.193
2024,"PODRAVSKA","ZC Maribor; TRŽAŠKA CESTA 39, 2000 MARIBOR","20 03 07","Bulky Municipal Waste (20 03 07)","Municipal Waste",56.155
2024,"PODRAVSKA","Zbirni center - Oplotnica","20 01 01","Paper and Cardboard from Municipal Waste (20 01 01)","Municipal Waste",25.65
2024,"PODRAVSKA","Zbirni center - Oplotnica","20 01 38","Non-hazardous Wood from Municipal Waste (20 01 38)","Municipal Waste",177.41
2024,"PODRAVSKA","Zbirni center - Oplotnica","20 03 07","Bulky Municipal Waste (20 03 07)","Municipal Waste",61.93
2024,"PODRAVSKA","Zbirni center - Poljčane","20 01 01","Paper and Cardboard from Municipal Waste (20 01 01)","Municipal Waste",25.42
2024,"PODRAVSKA","Zbirni center - Poljčane","20 01 38","Non-hazardous Wood from Municipal Waste (20 01 38)","Municipal Waste",206.102
2024,"PODRAVSKA","Zbirni center - Poljčane","20 03 07","Bulky Municipal Waste (20 03 07)","Municipal Waste",53.364
2024,"PODRAVSKA","Zbirni center - Pragersko","20 01 01","Paper and Cardboard from Municipal Waste (20 01 01)","Municipal Waste",116.62
2024,"PODRAVSKA","Zbirni center - Pragersko","20 01 38","Non-hazardous Wood from Municipal Waste (20 01 38)","Municipal Waste",1190.904
2024,"PODRAVSKA","Zbirni center - Pragersko","20 03 07","Bulky Municipal Waste (20 03 07)","Municipal Waste",306.94
2024,"PODRAVSKA","Zbirni center - Rače","20 01 01","Paper and Cardboard from Municipal Waste (20 01 01)","Municipal Waste",50.31
2024,"PODRAVSKA","Zbirni center - Rače","20 01 38","Non-hazardous Wood from Municipal Waste (20 01 38)","Municipal Waste",347.664
2024,"PODRAVSKA","Zbirni center - Rače","20 03 07","Bulky Municipal Waste (20 03 07)","Municipal Waste",94.62
2024,"PODRAVSKA","Zbirni center 1; ROGOZNIĹ KA CESTA 33, 2250 PTUJ","15 01 01","Paper and Cardboard Packaging (15 01 01)","Packaging Waste",254.151
2024,"PODRAVSKA","Zbirni center 1; ROGOZNIĹ KA CESTA 33, 2250 PTUJ","20 01 01","Paper and Cardboard from Municipal Waste (20 01 01)","Municipal Waste",584.897
2024,"PODRAVSKA","Zbirni center 1; ROGOZNIĹ KA CESTA 33, 2250 PTUJ","20 01 38","Non-hazardous Wood from Municipal Waste (20 01 38)","Municipal Waste",458.12
2024,"PODRAVSKA","Zbirni center 1; ROGOZNIĹ KA CESTA 33, 2250 PTUJ","20 03 07","Bulky Municipal Waste (20 03 07)","Municipal Waste",1159.305
2024,"PODRAVSKA","Zbirni center Dobrava","15 01 01","Paper and Cardboard Packaging (15 01 01)","Packaging Waste",132.12
2024,"PODRAVSKA","Zbirni center Dobrava","15 01 03","Wooden Packaging (15 01 03)","Packaging Waste",5.42
2024,"PODRAVSKA","Zbirni center Dobrava","20 01 01","Paper and Cardboard from Municipal Waste (20 01 01)","Municipal Waste",61.318
2024,"PODRAVSKA","Zbirni center Dobrava","20 01 38","Non-hazardous Wood from Municipal Waste (20 01 38)","Municipal Waste",8.92
2024,"PODRAVSKA","Zbirni center Dobrava","20 03 07","Bulky Municipal Waste (20 03 07)","Municipal Waste",530.16
2024,"PODRAVSKA","Zbirni center Hoče - Slivnica","15 01 01","Paper and Cardboard Packaging (15 01 01)","Packaging Waste",28
2024,"PODRAVSKA","Zbirni center Hoče - Slivnica","20 01 01","Paper and Cardboard from Municipal Waste (20 01 01)","Municipal Waste",364.616
2024,"PODRAVSKA","Zbirni center Hoče - Slivnica","20 01 38","Non-hazardous Wood from Municipal Waste (20 01 38)","Municipal Waste",411.84
2024,"PODRAVSKA","Zbirni center Hoče - Slivnica","20 03 07","Bulky Municipal Waste (20 03 07)","Municipal Waste",165.47
2024,"PODRAVSKA","Zbirni center Kungota","15 01 01","Paper and Cardboard Packaging (15 01 01)","Packaging Waste",24.65
2024,"PODRAVSKA","Zbirni center Kungota","20 01 01","Paper and Cardboard from Municipal Waste (20 01 01)","Municipal Waste",65.153
2024,"PODRAVSKA","Zbirni center Kungota","20 01 38","Non-hazardous Wood from Municipal Waste (20 01 38)","Municipal Waste",105.1
2024,"PODRAVSKA","Zbirni center Kungota","20 03 07","Bulky Municipal Waste (20 03 07)","Municipal Waste",217.59
2024,"PODRAVSKA","Zbirni center Lahova","15 01 01","Paper and Cardboard Packaging (15 01 01)","Packaging Waste",267.42
2024,"PODRAVSKA","Zbirni center Lahova","15 01 03","Wooden Packaging (15 01 03)","Packaging Waste",9.26
2024,"PODRAVSKA","Zbirni center Lahova","20 01 01","Paper and Cardboard from Municipal Waste (20 01 01)","Municipal Waste",28.208
2024,"PODRAVSKA","Zbirni center Lahova","20 01 38","Non-hazardous Wood from Municipal Waste (20 01 38)","Municipal Waste",2727.52
2024,"PODRAVSKA","Zbirni center Lahova","20 03 07","Bulky Municipal Waste (20 03 07)","Municipal Waste",888.623
2024,"PODRAVSKA","Zbirni center Lenart; SPODNJI PORÄŚIÄŚ 4A, 2230 LENART V SLOV. GORICAH","03 01 05","Sawdust/Shavings/Cuttings (03 01 05)","Wood/Paper Production Waste",3.32
2024,"PODRAVSKA","Zbirni center Lenart; SPODNJI PORÄŚIÄŚ 4A, 2230 LENART V SLOV. GORICAH","15 01 03","Wooden Packaging (15 01 03)","Packaging Waste",763.103
2024,"PODRAVSKA","Zbirni center Lenart; SPODNJI PORÄŚIÄŚ 4A, 2230 LENART V SLOV. GORICAH","17 02 01","Construction Wood Waste (17 02 01)","Construction/Demolition Waste",82.642
2024,"PODRAVSKA","Zbirni center Lenart; SPODNJI PORÄŚIÄŚ 4A, 2230 LENART V SLOV. GORICAH","19 12 01","Paper and Cardboard from Waste Treatment (19 12 01)","Waste Treatment Residues",19.02
2024,"PODRAVSKA","Zbirni center Lenart; SPODNJI PORÄŚIÄŚ 4A, 2230 LENART V SLOV. GORICAH","20 01 38","Non-hazardous Wood from Municipal Waste (20 01 38)","Municipal Waste",274.62
2024,"PODRAVSKA","Zbirni center Lenart; SPODNJI PORÄŚIÄŚ 4A, 2230 LENART V SLOV. GORICAH","20 03 07","Bulky Municipal Waste (20 03 07)","Municipal Waste",821.175
2024,"PODRAVSKA","Zbirni center Lovrenc na Pohorju","15 01 01","Paper and Cardboard Packaging (15 01 01)","Packaging Waste",15.802
2024,"PODRAVSKA","Zbirni center Lovrenc na Pohorju","20 01 01","Paper and Cardboard from Municipal Waste (20 01 01)","Municipal Waste",45.56
2024,"PODRAVSKA","Zbirni center Lovrenc na Pohorju","20 01 38","Non-hazardous Wood from Municipal Waste (20 01 38)","Municipal Waste",160.72
2024,"PODRAVSKA","Zbirni center Lovrenc na Pohorju","20 03 07","Bulky Municipal Waste (20 03 07)","Municipal Waste",75.36
2024,"PODRAVSKA","Zbirni center Melje","15 01 01","Paper and Cardboard Packaging (15 01 01)","Packaging Waste",260.94
2024,"PODRAVSKA","Zbirni center Melje","15 01 03","Wooden Packaging (15 01 03)","Packaging Waste",20
2024,"PODRAVSKA","Zbirni center Melje","20 01 01","Paper and Cardboard from Municipal Waste (20 01 01)","Municipal Waste",3156.374
2024,"PODRAVSKA","Zbirni center Melje","20 01 38","Non-hazardous Wood from Municipal Waste (20 01 38)","Municipal Waste",2131.04
2024,"PODRAVSKA","Zbirni center Melje","20 03 07","Bulky Municipal Waste (20 03 07)","Municipal Waste",852.291
2024,"PODRAVSKA","Zbirni center Miklavž na Dravskem polju","15 01 01","Paper and Cardboard Packaging (15 01 01)","Packaging Waste",46.48
2024,"PODRAVSKA","Zbirni center Miklavž na Dravskem polju","20 01 01","Paper and Cardboard from Municipal Waste (20 01 01)","Municipal Waste",141.224
2024,"PODRAVSKA","Zbirni center Miklavž na Dravskem polju","20 01 38","Non-hazardous Wood from Municipal Waste (20 01 38)","Municipal Waste",252.52
2024,"PODRAVSKA","Zbirni center Miklavž na Dravskem polju","20 03 07","Bulky Municipal Waste (20 03 07)","Municipal Waste",161.87
2024,"PODRAVSKA","Zbirni center Pesnica","15 01 01","Paper and Cardboard Packaging (15 01 01)","Packaging Waste",37.643
2024,"PODRAVSKA","Zbirni center Pesnica","20 01 01","Paper and Cardboard from Municipal Waste (20 01 01)","Municipal Waste",128.199
2024,"PODRAVSKA","Zbirni center Pesnica","20 01 38","Non-hazardous Wood from Municipal Waste (20 01 38)","Municipal Waste",324.36
2024,"PODRAVSKA","Zbirni center Pesnica","20 03 07","Bulky Municipal Waste (20 03 07)","Municipal Waste",156.01
2024,"PODRAVSKA","Zbirni center Ruše","15 01 01","Paper and Cardboard Packaging (15 01 01)","Packaging Waste",36.06
2024,"PODRAVSKA","Zbirni center Ruše","20 01 01","Paper and Cardboard from Municipal Waste (20 01 01)","Municipal Waste",247.712
2024,"PODRAVSKA","Zbirni center Ruše","20 01 38","Non-hazardous Wood from Municipal Waste (20 01 38)","Municipal Waste",544.68
2024,"PODRAVSKA","Zbirni center Ruše","20 03 07","Bulky Municipal Waste (20 03 07)","Municipal Waste",257.61
2024,"PODRAVSKA","Zbirni center Starše","15 01 01","Paper and Cardboard Packaging (15 01 01)","Packaging Waste",21.76
2024,"PODRAVSKA","Zbirni center Starše","20 01 01","Paper and Cardboard from Municipal Waste (20 01 01)","Municipal Waste",73.62
2024,"PODRAVSKA","Zbirni center Starše","20 01 38","Non-hazardous Wood from Municipal Waste (20 01 38)","Municipal Waste",516.8
2024,"PODRAVSKA","Zbirni center Starše","20 03 07","Bulky Municipal Waste (20 03 07)","Municipal Waste",96.3
2024,"PODRAVSKA","Zbirni center komunalnih odpadkov Lenart; SPODNJI PORÄŚIÄŚ 4A, 2230 LENART V SLOV. GORICAH","15 01 01","Paper and Cardboard Packaging (15 01 01)","Packaging Waste",209.394
2024,"PODRAVSKA","Zbirni center komunalnih odpadkov Lenart; SPODNJI PORÄŚIÄŚ 4A, 2230 LENART V SLOV. GORICAH","20 01 01","Paper and Cardboard from Municipal Waste (20 01 01)","Municipal Waste",152.09
2024,"PODRAVSKA","Zbirni center komunalnih odpadkov Lenart; SPODNJI PORÄŚIÄŚ 4A, 2230 LENART V SLOV. GORICAH","20 03 07","Bulky Municipal Waste (20 03 07)","Municipal Waste",9471.095
2024,"POMURSKA","CEROP -Dolga Vas","15 01 01","Paper and Cardboard Packaging (15 01 01)","Packaging Waste",155.16
2024,"POMURSKA","CEROP -Dolga Vas","20 01 01","Paper and Cardboard from Municipal Waste (20 01 01)","Municipal Waste",73
2024,"POMURSKA","CEROP -Dolga Vas","20 03 07","Bulky Municipal Waste (20 03 07)","Municipal Waste",236.54
2024,"POMURSKA","Center za ravnanje z odpadki Puconci, sedeĹľ; VANEÄŚA 81B, 9201 PUCONCI","15 01 01","Paper and Cardboard Packaging (15 01 01)","Packaging Waste",60.86
2024,"POMURSKA","Center za ravnanje z odpadki Puconci, sedeĹľ; VANEÄŚA 81B, 9201 PUCONCI","20 01 01","Paper and Cardboard from Municipal Waste (20 01 01)","Municipal Waste",28.7
2024,"POMURSKA","Center za ravnanje z odpadki Puconci, sedeĹľ; VANEÄŚA 81B, 9201 PUCONCI","20 01 38","Non-hazardous Wood from Municipal Waste (20 01 38)","Municipal Waste",12.4
2024,"POMURSKA","Center za ravnanje z odpadki Puconci, sedeĹľ; VANEÄŚA 81B, 9201 PUCONCI","20 03 07","Bulky Municipal Waste (20 03 07)","Municipal Waste",198.25
2024,"POMURSKA","Gornja Radgona","15 01 01","Paper and Cardboard Packaging (15 01 01)","Packaging Waste",48.59
2024,"POMURSKA","Gornja Radgona","20 01 01","Paper and Cardboard from Municipal Waste (20 01 01)","Municipal Waste",194.39
2024,"POMURSKA","Gornja Radgona","20 01 38","Non-hazardous Wood from Municipal Waste (20 01 38)","Municipal Waste",97.04
2024,"POMURSKA","Gornja Radgona","20 03 07","Bulky Municipal Waste (20 03 07)","Municipal Waste",255.69
2024,"POMURSKA","SEDEŽ; GLAVNA ULICA 109, 9220 LENDAVA - LENDVA","20 03 07","Bulky Municipal Waste (20 03 07)","Municipal Waste",3.44
2024,"POMURSKA","Skladišče Lendava; TRIMLINI 2C, 9220 LENDAVA - LENDVA","15 01 01","Paper and Cardboard Packaging (15 01 01)","Packaging Waste",481.329
2024,"POMURSKA","Skladišče Lendava; TRIMLINI 2C, 9220 LENDAVA - LENDVA","15 01 03","Wooden Packaging (15 01 03)","Packaging Waste",189.093
2024,"POMURSKA","Skladišče Lendava; TRIMLINI 2C, 9220 LENDAVA - LENDVA","20 01 01","Paper and Cardboard from Municipal Waste (20 01 01)","Municipal Waste",188.167
2024,"POMURSKA","Skladišče Lendava; TRIMLINI 2C, 9220 LENDAVA - LENDVA","20 03 07","Bulky Municipal Waste (20 03 07)","Municipal Waste",0.46
2024,"POMURSKA","Skladišče Murska Sobota; MARKIŠAVSKA ULICA 7, 9000 MURSKA SOBOTA","17 02 01","Construction Wood Waste (17 02 01)","Construction/Demolition Waste",94.32
2024,"POMURSKA","Vaneča (CEROP); VANEČA 81B, 9201 PUCONCI","20 03 07","Bulky Municipal Waste (20 03 07)","Municipal Waste",0.44
2024,"POMURSKA","Velika Polana","20 01 01","Paper and Cardboard from Municipal Waste (20 01 01)","Municipal Waste",9.74
2024,"POMURSKA","Velika Polana","20 01 38","Non-hazardous Wood from Municipal Waste (20 01 38)","Municipal Waste",2.1
2024,"POMURSKA","Velika Polana","20 03 07","Bulky Municipal Waste (20 03 07)","Municipal Waste",33.08
2024,"POMURSKA","ZBIRNI CENTER NORŠINSKA MURSKA SOBOTA","15 01 01","Paper and Cardboard Packaging (15 01 01)","Packaging Waste",311.44
2024,"POMURSKA","ZBIRNI CENTER NORŠINSKA MURSKA SOBOTA","20 01 01","Paper and Cardboard from Municipal Waste (20 01 01)","Municipal Waste",1297.1
2024,"POMURSKA","ZBIRNI CENTER NORŠINSKA MURSKA SOBOTA","20 01 38","Non-hazardous Wood from Municipal Waste (20 01 38)","Municipal Waste",887.08
2024,"POMURSKA","ZBIRNI CENTER NORŠINSKA MURSKA SOBOTA","20 03 07","Bulky Municipal Waste (20 03 07)","Municipal Waste",2152.49
2024,"POMURSKA","Zbirni center komunalnih odpadkov Radenci; BORAÄŚEVA 40G, 9252 RADENCI","20 01 38","Non-hazardous Wood from Municipal Waste (20 01 38)","Municipal Waste",82.22
2024,"POMURSKA","Zbirni center komunalnih odpadkov Sveti Jurij ob Ĺ ÄŤavnici","20 01 38","Non-hazardous Wood from Municipal Waste (20 01 38)","Municipal Waste",21.36
2024,"POMURSKA","zbirni center Apače","15 01 01","Paper and Cardboard Packaging (15 01 01)","Packaging Waste",60.3
2024,"POMURSKA","zbirni center Apače","20 01 01","Paper and Cardboard from Municipal Waste (20 01 01)","Municipal Waste",28.121
2024,"POMURSKA","zbirni center Apače","20 03 07","Bulky Municipal Waste (20 03 07)","Municipal Waste",254.96
2024,"POMURSKA","zbirni center Ljutomer","15 01 01","Paper and Cardboard Packaging (15 01 01)","Packaging Waste",25.12
2024,"POMURSKA","zbirni center Ljutomer","20 01 01","Paper and Cardboard from Municipal Waste (20 01 01)","Municipal Waste",183.807
2024,"POMURSKA","zbirni center Ljutomer","20 03 07","Bulky Municipal Waste (20 03 07)","Municipal Waste",786.56
2024,"POSAVSKA","Boršt","15 01 01","Paper and Cardboard Packaging (15 01 01)","Packaging Waste",255.253
2024,"POSAVSKA","Boršt","20 01 01","Paper and Cardboard from Municipal Waste (20 01 01)","Municipal Waste",150.863
2024,"POSAVSKA","Boršt","20 01 38","Non-hazardous Wood from Municipal Waste (20 01 38)","Municipal Waste",664.76
2024,"POSAVSKA","Boršt","20 03 07","Bulky Municipal Waste (20 03 07)","Municipal Waste",1419.94
2024,"POSAVSKA","Center za ravnanje z odpadki Spodnji Stari Grad, Vrbina, 8270 Krško","15 01 01","Paper and Cardboard Packaging (15 01 01)","Packaging Waste",307.831
2024,"POSAVSKA","Center za ravnanje z odpadki Spodnji Stari Grad, Vrbina, 8270 Krško","20 01 01","Paper and Cardboard from Municipal Waste (20 01 01)","Municipal Waste",687.727
2024,"POSAVSKA","Center za ravnanje z odpadki Spodnji Stari Grad, Vrbina, 8270 Krško","20 03 07","Bulky Municipal Waste (20 03 07)","Municipal Waste",1514.22
2024,"POSAVSKA","Skladišče Brežice; CESTA BRATOV CERJAKOV 38, 8250 BREŽICE","03 01 05","Sawdust/Shavings/Cuttings (03 01 05)","Wood/Paper Production Waste",23.444
2024,"POSAVSKA","Skladišče Brežice; CESTA BRATOV CERJAKOV 38, 8250 BREŽICE","03 03 01","Bark and Wood Waste from Pulp/Paper Production (03 03 01)","Wood/Paper Production Waste",1.797
2024,"POSAVSKA","Skladišče Brežice; CESTA BRATOV CERJAKOV 38, 8250 BREŽICE","15 01 01","Paper and Cardboard Packaging (15 01 01)","Packaging Waste",896.37
2024,"POSAVSKA","Skladišče Brežice; CESTA BRATOV CERJAKOV 38, 8250 BREŽICE","15 01 03","Wooden Packaging (15 01 03)","Packaging Waste",343.12
2024,"POSAVSKA","Skladišče Brežice; CESTA BRATOV CERJAKOV 38, 8250 BREŽICE","17 02 01","Construction Wood Waste (17 02 01)","Construction/Demolition Waste",25.116
2024,"POSAVSKA","Skladišče Brežice; CESTA BRATOV CERJAKOV 38, 8250 BREŽICE","20 01 01","Paper and Cardboard from Municipal Waste (20 01 01)","Municipal Waste",750.164
2024,"POSAVSKA","Skladišče Brežice; CESTA BRATOV CERJAKOV 38, 8250 BREŽICE","20 01 38","Non-hazardous Wood from Municipal Waste (20 01 38)","Municipal Waste",0.2
2024,"POSAVSKA","Skladišče Brežice; CESTA BRATOV CERJAKOV 38, 8250 BREŽICE","20 03 07","Bulky Municipal Waste (20 03 07)","Municipal Waste",26.84
2024,"POSAVSKA","ZBIRNI CENTER ZA ODPADKE SEVNICA","15 01 01","Paper and Cardboard Packaging (15 01 01)","Packaging Waste",231.097
2024,"POSAVSKA","ZBIRNI CENTER ZA ODPADKE SEVNICA","15 01 03","Wooden Packaging (15 01 03)","Packaging Waste",12.79
2024,"POSAVSKA","ZBIRNI CENTER ZA ODPADKE SEVNICA","20 01 01","Paper and Cardboard from Municipal Waste (20 01 01)","Municipal Waste",118.988
2024,"POSAVSKA","ZBIRNI CENTER ZA ODPADKE SEVNICA","20 01 38","Non-hazardous Wood from Municipal Waste (20 01 38)","Municipal Waste",273.36
2024,"POSAVSKA","ZBIRNI CENTER ZA ODPADKE SEVNICA","20 03 07","Bulky Municipal Waste (20 03 07)","Municipal Waste",149.28
2024,"POSAVSKA","ZC Hotemaž","15 01 01","Paper and Cardboard Packaging (15 01 01)","Packaging Waste",50.109
2024,"POSAVSKA","ZC Hotemaž","20 01 01","Paper and Cardboard from Municipal Waste (20 01 01)","Municipal Waste",42.195
2024,"POSAVSKA","ZC Hotemaž","20 01 38","Non-hazardous Wood from Municipal Waste (20 01 38)","Municipal Waste",94.06
2024,"POSAVSKA","ZC Hotemaž","20 03 07","Bulky Municipal Waste (20 03 07)","Municipal Waste",50.46
2024,"POSAVSKA","Zbirni center Kostak 1","15 01 01","Paper and Cardboard Packaging (15 01 01)","Packaging Waste",2340.459
2024,"POSAVSKA","Zbirni center Kostak 1","15 01 03","Wooden Packaging (15 01 03)","Packaging Waste",2407.7
2024,"POSAVSKA","Zbirni center Kostak 2; LESKOVŠKA CESTA 2A, 8270 KRŠKO","20 01 38","Non-hazardous Wood from Municipal Waste (20 01 38)","Municipal Waste",2119.76
2024,"POSAVSKA","Zbirni center za odpadke, Savska c., Sevnica; SAVSKA CESTA 26, 8290 SEVNICA","15 01 03","Wooden Packaging (15 01 03)","Packaging Waste",0.1
2024,"POSAVSKA","Zbirni center za odpadke, Savska c., Sevnica; SAVSKA CESTA 26, 8290 SEVNICA","20 01 38","Non-hazardous Wood from Municipal Waste (20 01 38)","Municipal Waste",1.2
2024,"POSAVSKA","Zbirni center; PLANINSKA CESTA 49, 8290 SEVNICA","15 01 01","Paper and Cardboard Packaging (15 01 01)","Packaging Waste",64.74
2024,"POSAVSKA","Zbirni center; PLANINSKA CESTA 49, 8290 SEVNICA","15 01 03","Wooden Packaging (15 01 03)","Packaging Waste",53.28
2024,"POSAVSKA","Zbirni center; PLANINSKA CESTA 49, 8290 SEVNICA","20 01 01","Paper and Cardboard from Municipal Waste (20 01 01)","Municipal Waste",39.977
2024,"PRIMORSKO-NOTRANJSKA","540532","20 01 01","Paper and Cardboard from Municipal Waste (20 01 01)","Municipal Waste",6.28
2024,"PRIMORSKO-NOTRANJSKA","540532","20 01 38","Non-hazardous Wood from Municipal Waste (20 01 38)","Municipal Waste",36.88
2024,"PRIMORSKO-NOTRANJSKA","540532","20 03 07","Bulky Municipal Waste (20 03 07)","Municipal Waste",86.8
2024,"PRIMORSKO-NOTRANJSKA","562279","15 01 01","Paper and Cardboard Packaging (15 01 01)","Packaging Waste",68.631
2024,"PRIMORSKO-NOTRANJSKA","Odlagališče in zbirni center Postojna","15 01 01","Paper and Cardboard Packaging (15 01 01)","Packaging Waste",144.976
2024,"PRIMORSKO-NOTRANJSKA","Odlagališče in zbirni center Postojna","20 01 01","Paper and Cardboard from Municipal Waste (20 01 01)","Municipal Waste",382.07
2024,"PRIMORSKO-NOTRANJSKA","Odlagališče in zbirni center Postojna","20 01 38","Non-hazardous Wood from Municipal Waste (20 01 38)","Municipal Waste",702.59
2024,"PRIMORSKO-NOTRANJSKA","Odlagališče in zbirni center Postojna","20 03 07","Bulky Municipal Waste (20 03 07)","Municipal Waste",965.09
2024,"PRIMORSKO-NOTRANJSKA","Zbirni center Cerknica; NOTRANJSKA CESTA 44, 1380 CERKNICA","15 01 01","Paper and Cardboard Packaging (15 01 01)","Packaging Waste",154.779
2024,"PRIMORSKO-NOTRANJSKA","Zbirni center Cerknica; NOTRANJSKA CESTA 44, 1380 CERKNICA","20 01 01","Paper and Cardboard from Municipal Waste (20 01 01)","Municipal Waste",152.829
2024,"PRIMORSKO-NOTRANJSKA","Zbirni center Cerknica; NOTRANJSKA CESTA 44, 1380 CERKNICA","20 01 38","Non-hazardous Wood from Municipal Waste (20 01 38)","Municipal Waste",445.43
2024,"PRIMORSKO-NOTRANJSKA","Zbirni center Cerknica; NOTRANJSKA CESTA 44, 1380 CERKNICA","20 03 07","Bulky Municipal Waste (20 03 07)","Municipal Waste",768
2024,"PRIMORSKO-NOTRANJSKA","Zbirni center za ločene frakcije odpadkov Ilirska Bistrica","15 01 01","Paper and Cardboard Packaging (15 01 01)","Packaging Waste",121.066
2024,"PRIMORSKO-NOTRANJSKA","Zbirni center za ločene frakcije odpadkov Ilirska Bistrica","20 01 01","Paper and Cardboard from Municipal Waste (20 01 01)","Municipal Waste",117.15
2024,"PRIMORSKO-NOTRANJSKA","Zbirni center za ločene frakcije odpadkov Ilirska Bistrica","20 01 38","Non-hazardous Wood from Municipal Waste (20 01 38)","Municipal Waste",236.27
2024,"PRIMORSKO-NOTRANJSKA","Zbirni center za ločene frakcije odpadkov Ilirska Bistrica","20 03 07","Bulky Municipal Waste (20 03 07)","Municipal Waste",378.2
2024,"SAVINJSKA","35540","15 01 01","Paper and Cardboard Packaging (15 01 01)","Packaging Waste",144.12
2024,"SAVINJSKA","35540","20 01 01","Paper and Cardboard from Municipal Waste (20 01 01)","Municipal Waste",274.237
2024,"SAVINJSKA","35540","20 01 38","Non-hazardous Wood from Municipal Waste (20 01 38)","Municipal Waste",657.11
2024,"SAVINJSKA","35540","20 03 07","Bulky Municipal Waste (20 03 07)","Municipal Waste",287.323
2024,"SAVINJSKA","SEDEŽ; VRBJE 80A, 3310 ŽALEC","20 01 01","Paper and Cardboard from Municipal Waste (20 01 01)","Municipal Waste",270.638
2024,"SAVINJSKA","STRENSKO","15 01 01","Paper and Cardboard Packaging (15 01 01)","Packaging Waste",185.9
2024,"SAVINJSKA","STRENSKO","20 01 01","Paper and Cardboard from Municipal Waste (20 01 01)","Municipal Waste",2.84
2024,"SAVINJSKA","STRENSKO","20 01 38","Non-hazardous Wood from Municipal Waste (20 01 38)","Municipal Waste",79.05
2024,"SAVINJSKA","STRENSKO","20 03 07","Bulky Municipal Waste (20 03 07)","Municipal Waste",404.84
2024,"SAVINJSKA","Skladišče Velenje; CESTA SIMONA BLATNIKA 9, 3320 VELENJE","17 02 01","Construction Wood Waste (17 02 01)","Construction/Demolition Waste",25.98
2024,"SAVINJSKA","ZC BISTRICA OB SOTLI","15 01 01","Paper and Cardboard Packaging (15 01 01)","Packaging Waste",7.19
2024,"SAVINJSKA","ZC BISTRICA OB SOTLI","20 01 01","Paper and Cardboard from Municipal Waste (20 01 01)","Municipal Waste",6.2
2024,"SAVINJSKA","ZC BISTRICA OB SOTLI","20 01 38","Non-hazardous Wood from Municipal Waste (20 01 38)","Municipal Waste",0.85
2024,"SAVINJSKA","ZC BISTRICA OB SOTLI","20 03 07","Bulky Municipal Waste (20 03 07)","Municipal Waste",47.47
2024,"SAVINJSKA","ZC KOZJE","15 01 01","Paper and Cardboard Packaging (15 01 01)","Packaging Waste",24.18
2024,"SAVINJSKA","ZC KOZJE","20 01 01","Paper and Cardboard from Municipal Waste (20 01 01)","Municipal Waste",13.01
2024,"SAVINJSKA","ZC KOZJE","20 01 38","Non-hazardous Wood from Municipal Waste (20 01 38)","Municipal Waste",25.5
2024,"SAVINJSKA","ZC KOZJE","20 03 07","Bulky Municipal Waste (20 03 07)","Municipal Waste",128.31
2024,"SAVINJSKA","ZC LOKE PRI MOZIRJU","15 01 01","Paper and Cardboard Packaging (15 01 01)","Packaging Waste",72.275
2024,"SAVINJSKA","ZC LOKE PRI MOZIRJU","20 01 01","Paper and Cardboard from Municipal Waste (20 01 01)","Municipal Waste",61.285
2024,"SAVINJSKA","ZC LOKE PRI MOZIRJU","20 01 38","Non-hazardous Wood from Municipal Waste (20 01 38)","Municipal Waste",145.02
2024,"SAVINJSKA","ZC LOKE PRI MOZIRJU","20 03 07","Bulky Municipal Waste (20 03 07)","Municipal Waste",330.66
2024,"SAVINJSKA","ZC PODČETRTEK","15 01 01","Paper and Cardboard Packaging (15 01 01)","Packaging Waste",21.54
2024,"SAVINJSKA","ZC PODČETRTEK","20 01 01","Paper and Cardboard from Municipal Waste (20 01 01)","Municipal Waste",12.8
2024,"SAVINJSKA","ZC PODČETRTEK","20 01 38","Non-hazardous Wood from Municipal Waste (20 01 38)","Municipal Waste",15.99
2024,"SAVINJSKA","ZC PODČETRTEK","20 03 07","Bulky Municipal Waste (20 03 07)","Municipal Waste",124.84
2024,"SAVINJSKA","ZC TUNCOVEC","15 01 01","Paper and Cardboard Packaging (15 01 01)","Packaging Waste",125.55
2024,"SAVINJSKA","ZC TUNCOVEC","20 01 01","Paper and Cardboard from Municipal Waste (20 01 01)","Municipal Waste",114.059
2024,"SAVINJSKA","ZC TUNCOVEC","20 01 38","Non-hazardous Wood from Municipal Waste (20 01 38)","Municipal Waste",49.6
2024,"SAVINJSKA","ZC TUNCOVEC","20 03 07","Bulky Municipal Waste (20 03 07)","Municipal Waste",974.63
2024,"SAVINJSKA","ZC ŠMARJE PRI JELŠAH","15 01 01","Paper and Cardboard Packaging (15 01 01)","Packaging Waste",64.07
2024,"SAVINJSKA","ZC ŠMARJE PRI JELŠAH","20 01 01","Paper and Cardboard from Municipal Waste (20 01 01)","Municipal Waste",42.3
2024,"SAVINJSKA","ZC ŠMARJE PRI JELŠAH","20 01 38","Non-hazardous Wood from Municipal Waste (20 01 38)","Municipal Waste",37.78
2024,"SAVINJSKA","ZC ŠMARJE PRI JELŠAH","20 03 07","Bulky Municipal Waste (20 03 07)","Municipal Waste",201.3
2024,"SAVINJSKA","ZC:RCERO Celje - Zbirni center","03 01 05","Sawdust/Shavings/Cuttings (03 01 05)","Wood/Paper Production Waste",1.18
2024,"SAVINJSKA","ZC:RCERO Celje - Zbirni center","15 01 01","Paper and Cardboard Packaging (15 01 01)","Packaging Waste",1418.78
2024,"SAVINJSKA","ZC:RCERO Celje - Zbirni center","15 01 03","Wooden Packaging (15 01 03)","Packaging Waste",5.8
2024,"SAVINJSKA","ZC:RCERO Celje - Zbirni center","20 01 01","Paper and Cardboard from Municipal Waste (20 01 01)","Municipal Waste",1646.34
2024,"SAVINJSKA","ZC:RCERO Celje - Zbirni center","20 01 38","Non-hazardous Wood from Municipal Waste (20 01 38)","Municipal Waste",1627.62
2024,"SAVINJSKA","ZC:RCERO Celje - Zbirni center","20 03 07","Bulky Municipal Waste (20 03 07)","Municipal Waste",8809.36
2024,"SAVINJSKA","Zbirni center Podhom","15 01 01","Paper and Cardboard Packaging (15 01 01)","Packaging Waste",86.68
2024,"SAVINJSKA","Zbirni center Podhom","20 01 01","Paper and Cardboard from Municipal Waste (20 01 01)","Municipal Waste",121.325
2024,"SAVINJSKA","Zbirni center Podhom","20 01 38","Non-hazardous Wood from Municipal Waste (20 01 38)","Municipal Waste",556.045
2024,"SAVINJSKA","Zbirni center Podhom","20 03 07","Bulky Municipal Waste (20 03 07)","Municipal Waste",539.769
2024,"SAVINJSKA","Zbirni center Velenje I; DEBERCA 7, 3320 VELENJE","03 01 05","Sawdust/Shavings/Cuttings (03 01 05)","Wood/Paper Production Waste",145.7
2024,"SAVINJSKA","Zbirni center Velenje I; DEBERCA 7, 3320 VELENJE","15 01 01","Paper and Cardboard Packaging (15 01 01)","Packaging Waste",434.792
2024,"SAVINJSKA","Zbirni center Velenje I; DEBERCA 7, 3320 VELENJE","15 01 03","Wooden Packaging (15 01 03)","Packaging Waste",242.94
2024,"SAVINJSKA","Zbirni center Velenje I; DEBERCA 7, 3320 VELENJE","17 02 01","Construction Wood Waste (17 02 01)","Construction/Demolition Waste",520.94
2024,"SAVINJSKA","Zbirni center Velenje I; DEBERCA 7, 3320 VELENJE","20 01 01","Paper and Cardboard from Municipal Waste (20 01 01)","Municipal Waste",701.326
2024,"SAVINJSKA","Zbirni center Velenje I; DEBERCA 7, 3320 VELENJE","20 01 38","Non-hazardous Wood from Municipal Waste (20 01 38)","Municipal Waste",1274.395
2024,"SAVINJSKA","Zbirni center Velenje I; DEBERCA 7, 3320 VELENJE","20 03 07","Bulky Municipal Waste (20 03 07)","Municipal Waste",724.811
2024,"ZASAVSKA","CENTER ZA RAVNANJE Z ODPADKI ZASAVJE d.o.o","20 03 07","Bulky Municipal Waste (20 03 07)","Municipal Waste",298.62
2024,"ZASAVSKA","DINOS, družba za pripravo sekundarnih surovin d.o.o.","15 01 01","Paper and Cardboard Packaging (15 01 01)","Packaging Waste",34.809
2024,"ZASAVSKA","KOMTEKS, ZBIRANJE IN ODKUP SEKUNDARNIH SUROVIN, D.O.O","15 01 01","Paper and Cardboard Packaging (15 01 01)","Packaging Waste",17.56
2024,"ZASAVSKA","Kostak, komunalno in gradbeno podjetje, d.d.","15 01 01","Paper and Cardboard Packaging (15 01 01)","Packaging Waste",12.8
2024,"ZASAVSKA","Kostak, komunalno in gradbeno podjetje, d.d.","20 01 01","Paper and Cardboard from Municipal Waste (20 01 01)","Municipal Waste",4.86
2024,"ZASAVSKA","SALOMON, D.O.O.","15 01 01","Paper and Cardboard Packaging (15 01 01)","Packaging Waste",59.94
2024,"ZASAVSKA","SUROVINA, družba za predelavo odpadkov d.o.o.","15 01 01","Paper and Cardboard Packaging (15 01 01)","Packaging Waste",66.04
2024,"ZASAVSKA","Skladišče Trbovlje Neža","15 01 01","Paper and Cardboard Packaging (15 01 01)","Packaging Waste",607.225
2024,"ZASAVSKA","Skladišče Trbovlje Neža","15 01 03","Wooden Packaging (15 01 03)","Packaging Waste",205.788
2024,"ZASAVSKA","Skladišče Trbovlje Neža","17 02 01","Construction Wood Waste (17 02 01)","Construction/Demolition Waste",7.04
2024,"ZASAVSKA","Skladišče Trbovlje Neža","20 01 01","Paper and Cardboard from Municipal Waste (20 01 01)","Municipal Waste",212.387
2024,"ZASAVSKA","Skladišče Trbovlje Neža","20 01 38","Non-hazardous Wood from Municipal Waste (20 01 38)","Municipal Waste",1.92
2024,"ZASAVSKA","Skladišče Trbovlje Neža","20 03 07","Bulky Municipal Waste (20 03 07)","Municipal Waste",5.69
2024,"ZASAVSKA","Zagorje ob Savi","15 01 01","Paper and Cardboard Packaging (15 01 01)","Packaging Waste",203.07
2024,"ZASAVSKA","Zagorje ob Savi","20 01 01","Paper and Cardboard from Municipal Waste (20 01 01)","Municipal Waste",100.242
2024,"ZASAVSKA","Zagorje ob Savi","20 01 38","Non-hazardous Wood from Municipal Waste (20 01 38)","Municipal Waste",435.08
2024,"ZASAVSKA","Zagorje ob Savi","20 03 07","Bulky Municipal Waste (20 03 07)","Municipal Waste",107.74
2024,"ZASAVSKA","Zbirni center Neža","15 01 01","Paper and Cardboard Packaging (15 01 01)","Packaging Waste",165.853
2024,"ZASAVSKA","Zbirni center Neža","20 01 01","Paper and Cardboard from Municipal Waste (20 01 01)","Municipal Waste",56.013
2024,"ZASAVSKA","Zbirni center Neža","20 01 38","Non-hazardous Wood from Municipal Waste (20 01 38)","Municipal Waste",745.9
2024,"ZASAVSKA","Zbirni center Neža","20 03 07","Bulky Municipal Waste (20 03 07)","Municipal Waste",217.78
