"year","statistical_region","waste_code","type_of_waste","waste_category","total_waste_generated_stored","temporarily_stored_start_year","generated_in_the_year","temporarily_stored_end_year","total_waste_given_away","waste_treated_by_original_generator","waste_transferred_for_treatment_in_RS","waste_sent_for_treatment_EU","waste_sent_for_treatment_outside_EU"
2024,"GORENJSKA","03 01 01","Bark and Cork Waste (03 01 01)","Wood/Paper Production Waste",4,0,4,0,0,4,0,0,0
2024,"GORENJSKA","03 01 05","Sawdust/Shavings/Cuttings (03 01 05)","Wood/Paper Production Waste",2293.238,10.88,2282.358,725.45,1497.188,70.6,1497.188,0,0
2024,"GORENJSKA","03 03 08","Waste from Sorting of Paper and Cardboard for Recycling (03 03 08)","Wood/Paper Production Waste",998.745,0,998.745,0,998.745,0,998.745,0,0
2024,"GORENJSKA","15 01 01","Paper and Cardboard Packaging (15 01 01)","Packaging Waste",4353.538,3.482,4350.056,4.684,4348.854,0,4348.854,0,0
2024,"GORENJSKA","15 01 03","Wooden Packaging (15 01 03)","Packaging Waste",3182.728,1.31,3181.418,2.96,3179.768,0,3179.768,0,0
2024,"GORENJSKA","17 02 01","Construction Wood Waste (17 02 01)","Construction/Demolition Waste",315.762,0,315.762,3.3,312.462,0,312.462,0,0
2024,"GORENJSKA","19 12 01","Paper and Cardboard from Waste Treatment (19 12 01)","Waste Treatment Residues",3.1,0,3.1,0,3.1,0,3.1,0,0
2024,"GORENJSKA","20 01 01","Paper and Cardboard from Municipal Waste (20 01 01)","Municipal Waste",2685.684,2.591,2683.093,2.589,2683.095,0,2683.095,0,0
2024,"GORENJSKA","20 01 38","Non-hazardous Wood from Municipal Waste (20 01 38)","Municipal Waste",221.187,0,221.187,0.25,220.937,0,220.937,0,0
2024,"GORENJSKA","20 03 07","Bulky Municipal Waste (20 03 07)","Municipal Waste",321.236,0.38,320.856,0,321.236,0,321.236,0,0
2024,"GORIŠKA","03 01 05","Sawdust/Shavings/Cuttings (03 01 05)","Wood/Paper Production Waste",1345.32,0.12,1345.2,1.6,1343.72,0,1311.2,32.52,0
2024,"GORIŠKA","03 03 08","Waste from Sorting of Paper and Cardboard for Recycling (03 03 08)","Wood/Paper Production Waste",3.692,0,3.692,0,3.692,0,3.692,0,0
2024,"GORIŠKA","15 01 01","Paper and Cardboard Packaging (15 01 01)","Packaging Waste",5399.913,12.573,5387.34,13.826,5375.041,11.046,5375.041,0,0
2024,"GORIŠKA","15 01 03","Wooden Packaging (15 01 03)","Packaging Waste",1600.261,5.326,1594.935,11.786,1587.658,0.817,1587.658,0,0
2024,"GORIŠKA","17 02 01","Construction Wood Waste (17 02 01)","Construction/Demolition Waste",122.799,0,122.799,0,122.799,0,122.799,0,0
2024,"GORIŠKA","20 01 01","Paper and Cardboard from Municipal Waste (20 01 01)","Municipal Waste",524.206,15.31,508.896,25.13,489.816,9.26,489.816,0,0
2024,"GORIŠKA","20 01 38","Non-hazardous Wood from Municipal Waste (20 01 38)","Municipal Waste",22.428,0.15,22.278,0.17,22.258,0,22.258,0,0
2024,"GORIŠKA","20 03 07","Bulky Municipal Waste (20 03 07)","Municipal Waste",91.543,5.17,86.373,5.68,85.863,0,85.863,0,0
2024,"JUGOVZHODNA SLOVENIJA","02 01 07","Forestry Waste (02 01 07)","Agricultural/Forestry Waste",374.01,0,374.01,0,374.01,0,374.01,0,0
2024,"JUGOVZHODNA SLOVENIJA","03 01 05","Sawdust/Shavings/Cuttings (03 01 05)","Wood/Paper Production Waste",2705.107,3.5,2701.607,4.2,2700.907,0,2700.907,0,0
2024,"JUGOVZHODNA SLOVENIJA","03 03 08","Waste from Sorting of Paper and Cardboard for Recycling (03 03 08)","Wood/Paper Production Waste",2065.496,0,2065.496,0,2065.496,0,2065.496,0,0
2024,"JUGOVZHODNA SLOVENIJA","15 01 01","Paper and Cardboard Packaging (15 01 01)","Packaging Waste",4310.698,18.995,4291.703,11.67,4299.028,0,4299.028,0,0
2024,"JUGOVZHODNA SLOVENIJA","15 01 03","Wooden Packaging (15 01 03)","Packaging Waste",1924.125,25.93,1898.195,18.14,1905.985,0,1905.985,0,0
2024,"JUGOVZHODNA SLOVENIJA","17 02 01","Construction Wood Waste (17 02 01)","Construction/Demolition Waste",245.838,0.3,245.538,0.2,245.638,0,245.638,0,0
2024,"JUGOVZHODNA SLOVENIJA","19 12 07","Wood Waste from Treatment (not 19 12 06) (19 12 07)","Waste Treatment Residues",0.028,0,0.028,0,0.028,0,0.028,0,0
2024,"JUGOVZHODNA SLOVENIJA","20 01 01","Paper and Cardboard from Municipal Waste (20 01 01)","Municipal Waste",965.203,28.68,936.523,25.82,939.383,0,939.383,0,0
2024,"JUGOVZHODNA SLOVENIJA","20 01 38","Non-hazardous Wood from Municipal Waste (20 01 38)","Municipal Waste",31.94,0,31.94,0,31.94,0,31.94,0,0
2024,"JUGOVZHODNA SLOVENIJA","20 03 07","Bulky Municipal Waste (20 03 07)","Municipal Waste",93.176,0,93.176,0,93.176,0,93.176,0,0
2024,"KOROŠKA","03 01 05","Sawdust/Shavings/Cuttings (03 01 05)","Wood/Paper Production Waste",201.62,0,201.62,0,201.62,0,201.62,0,0
2024,"KOROŠKA","03 03 08","Waste from Sorting of Paper and Cardboard for Recycling (03 03 08)","Wood/Paper Production Waste",1119.73,0,1119.73,0,1119.73,0,1119.73,0,0
2024,"KOROŠKA","15 01 01","Paper and Cardboard Packaging (15 01 01)","Packaging Waste",1573.861,0.73,1573.131,0.67,1573.091,0.1,1573.091,0,0
2024,"KOROŠKA","15 01 03","Wooden Packaging (15 01 03)","Packaging Waste",777.227,0,777.227,0,777.175,0.052,777.175,0,0
2024,"KOROŠKA","17 02 01","Construction Wood Waste (17 02 01)","Construction/Demolition Waste",52.067,0,52.067,0,52.067,0,52.067,0,0
2024,"KOROŠKA","19 12 01","Paper and Cardboard from Waste Treatment (19 12 01)","Waste Treatment Residues",6.74,0,6.74,0,6.74,0,6.74,0,0
2024,"KOROŠKA","19 12 07","Wood Waste from Treatment (not 19 12 06) (19 12 07)","Waste Treatment Residues",33.5,0,33.5,0,33.5,0,33.5,0,0
2024,"KOROŠKA","20 01 01","Paper and Cardboard from Municipal Waste (20 01 01)","Municipal Waste",130.109,0.15,129.959,0,129.779,0.33,129.779,0,0
2024,"KOROŠKA","20 01 38","Non-hazardous Wood from Municipal Waste (20 01 38)","Municipal Waste",66.58,0,66.58,0,66.58,0,66.58,0,0
2024,"KOROŠKA","20 03 07","Bulky Municipal Waste (20 03 07)","Municipal Waste",110.53,0,110.53,0,110.53,0,110.53,0,0
2024,"OBALNO-KRAŠKA","03 01 01","Bark and Cork Waste (03 01 01)","Wood/Paper Production Waste",18.82,0,18.82,0,18.82,0,18.82,0,0
2024,"OBALNO-KRAŠKA","03 01 05","Sawdust/Shavings/Cuttings (03 01 05)","Wood/Paper Production Waste",20.62,0,20.62,0,20.62,0,20.62,0,0
2024,"OBALNO-KRAŠKA","15 01 01","Paper and Cardboard Packaging (15 01 01)","Packaging Waste",2200.29,3.354,2196.936,6.434,2193.856,0,2193.856,0,0
2024,"OBALNO-KRAŠKA","15 01 03","Wooden Packaging (15 01 03)","Packaging Waste",2538.868,0.875,2537.993,1.7,2537.168,0,2453.168,84,0
2024,"OBALNO-KRAŠKA","17 02 01","Construction Wood Waste (17 02 01)","Construction/Demolition Waste",8.824,0,8.824,0,8.824,0,8.824,0,0
2024,"OBALNO-KRAŠKA","19 12 07","Wood Waste from Treatment (not 19 12 06) (19 12 07)","Waste Treatment Residues",15.09,0,15.09,0,15.09,0,15.09,0,0
2024,"OBALNO-KRAŠKA","20 01 01","Paper and Cardboard from Municipal Waste (20 01 01)","Municipal Waste",285.553,0.06,285.493,0.1,285.453,0,285.453,0,0
2024,"OBALNO-KRAŠKA","20 01 38","Non-hazardous Wood from Municipal Waste (20 01 38)","Municipal Waste",36.74,0.03,36.71,0.7,36.04,0,36.04,0,0
2024,"OBALNO-KRAŠKA","20 03 07","Bulky Municipal Waste (20 03 07)","Municipal Waste",211.639,0,211.639,0,211.639,0,211.639,0,0
2024,"OSREDNJESLOVENSKA","02 01 07","Forestry Waste (02 01 07)","Agricultural/Forestry Waste",131.74,0,131.74,0,131.74,0,131.74,0,0
2024,"OSREDNJESLOVENSKA","03 01 05","Sawdust/Shavings/Cuttings (03 01 05)","Wood/Paper Production Waste",1281.63,15,1266.63,16.5,675.13,590,675.13,0,0
2024,"OSREDNJESLOVENSKA","03 03 01","Bark and Wood Waste from Pulp/Paper Production (03 03 01)","Wood/Paper Production Waste",20.82,0,20.82,0,20.82,0,20.82,0,0
2024,"OSREDNJESLOVENSKA","03 03 08","Waste from Sorting of Paper and Cardboard for Recycling (03 03 08)","Wood/Paper Production Waste",1403.637,0,1403.637,0,1403.637,0,1403.637,0,0
2024,"OSREDNJESLOVENSKA","15 01 01","Paper and Cardboard Packaging (15 01 01)","Packaging Waste",21870.09,24.686,21845.404,33.358,21836.281,0.451,21836.281,0,0
2024,"OSREDNJESLOVENSKA","15 01 03","Wooden Packaging (15 01 03)","Packaging Waste",6332.117,18.598,6313.519,15.806,6315.851,0.46,6315.851,0,0
2024,"OSREDNJESLOVENSKA","17 02 01","Construction Wood Waste (17 02 01)","Construction/Demolition Waste",1674.535,0.14,1674.395,0.12,1674.415,0,1674.415,0,0
2024,"OSREDNJESLOVENSKA","19 12 01","Paper and Cardboard from Waste Treatment (19 12 01)","Waste Treatment Residues",183.775,0.035,183.74,0.035,183.74,0,183.74,0,0
2024,"OSREDNJESLOVENSKA","19 12 07","Wood Waste from Treatment (not 19 12 06) (19 12 07)","Waste Treatment Residues",12.21,0,12.21,0,12.21,0,12.21,0,0
2024,"OSREDNJESLOVENSKA","20 01 01","Paper and Cardboard from Municipal Waste (20 01 01)","Municipal Waste",23322.835,4.699,23318.136,22.519,23299.763,0.553,23299.763,0,0
2024,"OSREDNJESLOVENSKA","20 01 38","Non-hazardous Wood from Municipal Waste (20 01 38)","Municipal Waste",742.182,0,742.182,0,742.182,0,742.182,0,0
2024,"OSREDNJESLOVENSKA","20 03 07","Bulky Municipal Waste (20 03 07)","Municipal Waste",1388.956,0,1388.956,0.133,1388.823,0,1388.823,0,0
2024,"PODRAVSKA","03 01 05","Sawdust/Shavings/Cuttings (03 01 05)","Wood/Paper Production Waste",703.867,0,703.867,0,703.867,0,703.867,0,0
2024,"PODRAVSKA","03 03 08","Waste from Sorting of Paper and Cardboard for Recycling (03 03 08)","Wood/Paper Production Waste",1672.76,0,1672.76,0,1669.98,2.78,1669.98,0,0
2024,"PODRAVSKA","15 01 01","Paper and Cardboard Packaging (15 01 01)","Packaging Waste",8417.721,0.89,8416.831,1.96,8411.181,4.58,8195.441,215.74,0
2024,"PODRAVSKA","15 01 03","Wooden Packaging (15 01 03)","Packaging Waste",3329.295,4.08,3325.215,2.51,3325.44,1.345,3325.44,0,0
2024,"PODRAVSKA","17 02 01","Construction Wood Waste (17 02 01)","Construction/Demolition Waste",581.094,0,581.094,0.2,580.894,0,580.894,0,0
2024,"PODRAVSKA","20 01 01","Paper and Cardboard from Municipal Waste (20 01 01)","Municipal Waste",8005.176,0.73,8004.446,0.5,8001.186,3.49,2596.921,5404.265,0
2024,"PODRAVSKA","20 01 38","Non-hazardous Wood from Municipal Waste (20 01 38)","Municipal Waste",316.119,0,316.119,0.001,316.118,0,316.118,0,0
2024,"PODRAVSKA","20 03 07","Bulky Municipal Waste (20 03 07)","Municipal Waste",705.771,1.32,704.451,0.252,705.519,0,705.519,0,0
2024,"POMURSKA","03 01 05","Sawdust/Shavings/Cuttings (03 01 05)","Wood/Paper Production Waste",1260.48,0,1260.48,0,1260.48,0,1260.48,0,0
2024,"POMURSKA","15 01 01","Paper and Cardboard Packaging (15 01 01)","Packaging Waste",2498.515,0.77,2497.745,0.5,2498.015,0,2498.015,0,0
2024,"POMURSKA","15 01 03","Wooden Packaging (15 01 03)","Packaging Waste",791.922,0.7,791.222,0.2,791.722,0,791.722,0,0
2024,"POMURSKA","17 02 01","Construction Wood Waste (17 02 01)","Construction/Demolition Waste",185.818,0,185.818,0,185.818,0,185.818,0,0
2024,"POMURSKA","19 12 01","Paper and Cardboard from Waste Treatment (19 12 01)","Waste Treatment Residues",1.017,0,1.017,0,0,1.017,0,0,0
2024,"POMURSKA","20 01 01","Paper and Cardboard from Municipal Waste (20 01 01)","Municipal Waste",293.608,1.02,292.588,20.5,270.824,2.284,270.824,0,0
2024,"POMURSKA","20 01 38","Non-hazardous Wood from Municipal Waste (20 01 38)","Municipal Waste",16.18,0,16.18,0,16.18,0,16.18,0,0
2024,"POMURSKA","20 03 07","Bulky Municipal Waste (20 03 07)","Municipal Waste",6725.742,0,6725.742,0,6725.502,0.24,6725.502,0,0
2024,"POSAVSKA","03 01 05","Sawdust/Shavings/Cuttings (03 01 05)","Wood/Paper Production Waste",56.124,0,56.124,0,56.124,0,56.124,0,0
2024,"POSAVSKA","03 03 01","Bark and Wood Waste from Pulp/Paper Production (03 03 01)","Wood/Paper Production Waste",498.897,490,8.897,0,1.797,497.1,1.797,0,0
2024,"POSAVSKA","03 03 08","Waste from Sorting of Paper and Cardboard for Recycling (03 03 08)","Wood/Paper Production Waste",3389.714,0,3389.714,0,3389.714,0,3389.714,0,0
2024,"POSAVSKA","15 01 01","Paper and Cardboard Packaging (15 01 01)","Packaging Waste",1320.666,1.039,1319.627,0.564,1320.069,0.033,1320.069,0,0
2024,"POSAVSKA","15 01 03","Wooden Packaging (15 01 03)","Packaging Waste",475.988,27.86,448.128,0,415.988,60,415.988,0,0
2024,"POSAVSKA","17 02 01","Construction Wood Waste (17 02 01)","Construction/Demolition Waste",182.796,0,182.796,0,182.796,0,182.796,0,0
2024,"POSAVSKA","20 01 01","Paper and Cardboard from Municipal Waste (20 01 01)","Municipal Waste",1179.668,0,1179.668,0,1176.639,3.029,1176.639,0,0
2024,"POSAVSKA","20 01 38","Non-hazardous Wood from Municipal Waste (20 01 38)","Municipal Waste",611.798,0.75,611.048,0.96,610.838,0,610.838,0,0
2024,"POSAVSKA","20 03 07","Bulky Municipal Waste (20 03 07)","Municipal Waste",21.72,0,21.72,0,21.72,0,21.72,0,0
2024,"PRIMORSKO-NOTRANJSKA","03 03 08","Waste from Sorting of Paper and Cardboard for Recycling (03 03 08)","Wood/Paper Production Waste",1678.7,0,1678.7,0,1678.7,0,1678.7,0,0
2024,"PRIMORSKO-NOTRANJSKA","15 01 01","Paper and Cardboard Packaging (15 01 01)","Packaging Waste",1194.858,3.1,1191.758,5.85,1189.008,0,1189.008,0,0
2024,"PRIMORSKO-NOTRANJSKA","15 01 03","Wooden Packaging (15 01 03)","Packaging Waste",375.395,2,373.395,6.75,368.645,0,368.645,0,0
2024,"PRIMORSKO-NOTRANJSKA","17 02 01","Construction Wood Waste (17 02 01)","Construction/Demolition Waste",94.06,0,94.06,0,94.06,0,94.06,0,0
2024,"PRIMORSKO-NOTRANJSKA","20 01 01","Paper and Cardboard from Municipal Waste (20 01 01)","Municipal Waste",734.434,0,734.434,0,734.434,0,561.644,172.79,0
2024,"PRIMORSKO-NOTRANJSKA","20 01 38","Non-hazardous Wood from Municipal Waste (20 01 38)","Municipal Waste",35.07,0,35.07,0,35.07,0,35.07,0,0
2024,"PRIMORSKO-NOTRANJSKA","20 03 07","Bulky Municipal Waste (20 03 07)","Municipal Waste",100.64,0,100.64,0,100.64,0,100.64,0,0
2024,"SAVINJSKA","03 01 05","Sawdust/Shavings/Cuttings (03 01 05)","Wood/Paper Production Waste",44.19,0.03,44.16,0,44.19,0,44.19,0,0
2024,"SAVINJSKA","03 01 99","Other Unspecified Wood Waste (03 01 99)","Wood/Paper Production Waste",689.266,0,689.266,0,689.266,0,689.266,0,0
2024,"SAVINJSKA","03 03 08","Waste from Sorting of Paper and Cardboard for Recycling (03 03 08)","Wood/Paper Production Waste",1664.387,0.389,1663.998,0.593,1663.794,0,1663.794,0,0
2024,"SAVINJSKA","15 01 01","Paper and Cardboard Packaging (15 01 01)","Packaging Waste",18721.086,9.217,18711.869,2.377,18718.535,0.174,18718.535,0,0
2024,"SAVINJSKA","15 01 03","Wooden Packaging (15 01 03)","Packaging Waste",7700.58,1.68,7698.9,5.01,7695.57,0,7695.57,0,0
2024,"SAVINJSKA","17 02 01","Construction Wood Waste (17 02 01)","Construction/Demolition Waste",993.809,0,993.809,0,993.809,0,993.809,0,0
2024,"SAVINJSKA","20 01 01","Paper and Cardboard from Municipal Waste (20 01 01)","Municipal Waste",803.128,1.522,801.606,0.601,802.128,0.399,792.601,9.527,0
2024,"SAVINJSKA","20 01 38","Non-hazardous Wood from Municipal Waste (20 01 38)","Municipal Waste",187.79,0.43,187.36,0.75,187.04,0,187.04,0,0
2024,"SAVINJSKA","20 03 07","Bulky Municipal Waste (20 03 07)","Municipal Waste",370.945,0,370.945,0,370.945,0,370.945,0,0
2024,"ZASAVSKA","03 03 08","Waste from Sorting of Paper and Cardboard for Recycling (03 03 08)","Wood/Paper Production Waste",416.63,0,416.63,0,416.63,0,416.63,0,0
2024,"ZASAVSKA","15 01 01","Paper and Cardboard Packaging (15 01 01)","Packaging Waste",723.609,0.143,723.466,0,723.609,0,723.609,0,0
2024,"ZASAVSKA","15 01 03","Wooden Packaging (15 01 03)","Packaging Waste",330.115,0,330.115,1.2,328.915,0,328.915,0,0
2024,"ZASAVSKA","17 02 01","Construction Wood Waste (17 02 01)","Construction/Demolition Waste",23.25,0,23.25,0,23.25,0,23.25,0,0
2024,"ZASAVSKA","20 01 01","Paper and Cardboard from Municipal Waste (20 01 01)","Municipal Waste",610.561,3.5,607.061,5.92,604.641,0,604.641,0,0
2024,"ZASAVSKA","20 01 37*","Wood Containing Hazardous Substances (20 01 37*)","Municipal Waste",0.049,0,0.049,0,0.049,0,0.049,0,0
2024,"ZASAVSKA","20 01 38","Non-hazardous Wood from Municipal Waste (20 01 38)","Municipal Waste",77.506,0,77.506,0,77.506,0,77.506,0,0
2024,"ZASAVSKA","20 03 07","Bulky Municipal Waste (20 03 07)","Municipal Waste",16.62,0,16.62,0.24,16.38,0,16.38,0,0
