year,statistical_region,type_of_waste,waste_stored_start_year,waste_stored_end_year,next_year_start
2017,GORENJSKA,Non-hazardous Wood from Municipal Waste (20 01 38),0,380.816,380.816
2018,GORENJSKA,Non-hazardous Wood from Municipal Waste (20 01 38),380.816,0.28,0.28
2019,GORENJSKA,Non-hazardous Wood from Municipal Waste (20 01 38),0.28,2.24,2.24
2020,GORENJSKA,Non-hazardous Wood from Municipal Waste (20 01 38),2.24,0,80.46
2021,GORENJSKA,Non-hazardous Wood from Municipal Waste (20 01 38),80.46,90.7,0
2022,GORENJSKA,Non-hazardous Wood from Municipal Waste (20 01 38),0,0,2939.66
2023,GORENJSKA,Non-hazardous Wood from Municipal Waste (20 01 38),2939.66,0,NA
2016,GORENJSKA,Paper and Cardboard Packaging (15 01 01),115.237,89.025,21.745
2017,GORENJSKA,Paper and Cardboard Packaging (15 01 01),21.745,126.756,126.756
2018,GORENJSKA,Paper and Cardboard Packaging (15 01 01),126.756,126.941,126.941
2019,GORENJSKA,Paper and Cardboard Packaging (15 01 01),126.941,290.161,290.161
2020,GORENJSKA,Paper and Cardboard Packaging (15 01 01),290.161,79.478,79.478
2021,GORENJSKA,Paper and Cardboard Packaging (15 01 01),79.478,33.004,4.565
2023,GORENJSKA,Paper and Cardboard Packaging (15 01 01),4.565,0,70.3
2024,GORENJSKA,Paper and Cardboard Packaging (15 01 01),70.3,0,NA
2016,GORENJSKA,Paper and Cardboard from Municipal Waste (20 01 01),67.56,36.977,0
2017,GORENJSKA,Paper and Cardboard from Municipal Waste (20 01 01),0,62.224,62.224
2018,GORENJSKA,Paper and Cardboard from Municipal Waste (20 01 01),62.224,82.237,82.237
2019,GORENJSKA,Paper and Cardboard from Municipal Waste (20 01 01),82.237,437.993,437.993
2020,GORENJSKA,Paper and Cardboard from Municipal Waste (20 01 01),437.993,10.988,10.988
2021,GORENJSKA,Paper and Cardboard from Municipal Waste (20 01 01),10.988,33.004,40.108
2023,GORENJSKA,Paper and Cardboard from Municipal Waste (20 01 01),40.108,0,NA
2016,GORENJSKA,Paper and Cardboard from Waste Treatment (19 12 01),414.519,307.3,307.3
2017,GORENJSKA,Paper and Cardboard from Waste Treatment (19 12 01),307.3,102.824,89.928
2018,GORENJSKA,Paper and Cardboard from Waste Treatment (19 12 01),89.928,208.889,208.889
2019,GORENJSKA,Paper and Cardboard from Waste Treatment (19 12 01),208.889,45.096,45.096
2020,GORENJSKA,Paper and Cardboard from Waste Treatment (19 12 01),45.096,37.685,37.685
2021,GORENJSKA,Paper and Cardboard from Waste Treatment (19 12 01),37.685,29.171,13.185
2023,GORENJSKA,Paper and Cardboard from Waste Treatment (19 12 01),13.185,0,227.485
2024,GORENJSKA,Paper and Cardboard from Waste Treatment (19 12 01),227.485,0,NA
2023,GORENJSKA,Sawdust/Shavings/Cuttings (03 01 05),8.781,0,NA
2016,GORENJSKA,Wood Waste from Treatment (not 19 12 06) (19 12 07),2.46,0.678,0.678
2017,GORENJSKA,Wood Waste from Treatment (not 19 12 06) (19 12 07),0.678,0.678,0.678
2018,GORENJSKA,Wood Waste from Treatment (not 19 12 06) (19 12 07),0.678,0.678,0.678
2019,GORENJSKA,Wood Waste from Treatment (not 19 12 06) (19 12 07),0.678,0,16.8
2021,GORENJSKA,Wood Waste from Treatment (not 19 12 06) (19 12 07),16.8,21.4,0
2022,GORENJSKA,Wood Waste from Treatment (not 19 12 06) (19 12 07),0,0,2.3
2023,GORENJSKA,Wood Waste from Treatment (not 19 12 06) (19 12 07),2.3,0,42.010999999999996
2024,GORENJSKA,Wood Waste from Treatment (not 19 12 06) (19 12 07),42.010999999999996,0,NA
2016,GORENJSKA,Wooden Packaging (15 01 03),8.215,0,12.375
2019,GORENJSKA,Wooden Packaging (15 01 03),12.375,9.194,9.194
2020,GORENJSKA,Wooden Packaging (15 01 03),9.194,7.456,57.756
2021,GORENJSKA,Wooden Packaging (15 01 03),57.756,45.662,0
2022,GORENJSKA,Wooden Packaging (15 01 03),0,0,3637.282
2024,GORENJSKA,Wooden Packaging (15 01 03),3637.282,0,NA
2017,GORIŠKA,Non-hazardous Wood from Municipal Waste (20 01 38),60,0,NA
2016,GORIŠKA,Paper and Cardboard Packaging (15 01 01),63.481,68.386,56.028
2019,GORIŠKA,Paper and Cardboard Packaging (15 01 01),56.028,22.237,22.237
2020,GORIŠKA,Paper and Cardboard Packaging (15 01 01),22.237,16.513,16.513
2021,GORIŠKA,Paper and Cardboard Packaging (15 01 01),16.513,22.625,38.576
2023,GORIŠKA,Paper and Cardboard Packaging (15 01 01),38.576,0,15.966
2024,GORIŠKA,Paper and Cardboard Packaging (15 01 01),15.966,0,NA
2016,GORIŠKA,Paper and Cardboard from Municipal Waste (20 01 01),34.873,22.393,22.393
2017,GORIŠKA,Paper and Cardboard from Municipal Waste (20 01 01),22.393,33.275,33.275
2018,GORIŠKA,Paper and Cardboard from Municipal Waste (20 01 01),33.275,31.399,31.399
2019,GORIŠKA,Paper and Cardboard from Municipal Waste (20 01 01),31.399,18.279,18.279
2020,GORIŠKA,Paper and Cardboard from Municipal Waste (20 01 01),18.279,9.364,9.364
2021,GORIŠKA,Paper and Cardboard from Municipal Waste (20 01 01),9.364,38.426,3.2
2022,GORIŠKA,Paper and Cardboard from Municipal Waste (20 01 01),3.2,0,28.872
2023,GORIŠKA,Paper and Cardboard from Municipal Waste (20 01 01),28.872,0,7.379
2024,GORIŠKA,Paper and Cardboard from Municipal Waste (20 01 01),7.379,0,NA
2016,GORIŠKA,Paper and Cardboard from Waste Treatment (19 12 01),0,12.738999999999999,10.591
2017,GORIŠKA,Paper and Cardboard from Waste Treatment (19 12 01),10.591,0,0.78
2018,GORIŠKA,Paper and Cardboard from Waste Treatment (19 12 01),0.78,2.974,2.974
2019,GORIŠKA,Paper and Cardboard from Waste Treatment (19 12 01),2.974,19.656000000000002,19.656
2020,GORIŠKA,Paper and Cardboard from Waste Treatment (19 12 01),19.656,31.904,31.904
2021,GORIŠKA,Paper and Cardboard from Waste Treatment (19 12 01),31.904,4.101,7.734
2024,GORIŠKA,Paper and Cardboard from Waste Treatment (19 12 01),7.734,0,NA
2023,GORIŠKA,Silver-Containing Photographic Films and Paper (09 01 07),3.378,0,0.81
2024,GORIŠKA,Silver-Containing Photographic Films and Paper (09 01 07),0.81,0,NA
2016,GORIŠKA,Wooden Packaging (15 01 03),3.514,0,6.5
2018,GORIŠKA,Wooden Packaging (15 01 03),6.5,0,1.169
2019,GORIŠKA,Wooden Packaging (15 01 03),1.169,0,0
2020,GORIŠKA,Wooden Packaging (15 01 03),0,4.28,4.28
2021,GORIŠKA,Wooden Packaging (15 01 03),4.28,2.752,2.975
2024,GORIŠKA,Wooden Packaging (15 01 03),2.975,0,NA
2017,JUGOVZHODNA SLOVENIJA,Bulky Municipal Waste (20 03 07),258.978,201.141,21.11
2019,JUGOVZHODNA SLOVENIJA,Bulky Municipal Waste (20 03 07),21.11,135.19,135.19
2020,JUGOVZHODNA SLOVENIJA,Bulky Municipal Waste (20 03 07),135.19,239.73,239.73
2021,JUGOVZHODNA SLOVENIJA,Bulky Municipal Waste (20 03 07),239.73,91.12,NA
2017,JUGOVZHODNA SLOVENIJA,Construction Wood Waste (17 02 01),70.247,0,NA
2017,JUGOVZHODNA SLOVENIJA,Non-hazardous Wood from Municipal Waste (20 01 38),417.514,120.726,1.74
2019,JUGOVZHODNA SLOVENIJA,Non-hazardous Wood from Municipal Waste (20 01 38),1.74,84.695,84.695
2020,JUGOVZHODNA SLOVENIJA,Non-hazardous Wood from Municipal Waste (20 01 38),84.695,0,NA
2016,JUGOVZHODNA SLOVENIJA,Paper and Cardboard Packaging (15 01 01),66.083,103.953,53.984
2019,JUGOVZHODNA SLOVENIJA,Paper and Cardboard Packaging (15 01 01),53.984,344.24,344.24
2020,JUGOVZHODNA SLOVENIJA,Paper and Cardboard Packaging (15 01 01),344.24,0,3.966
2021,JUGOVZHODNA SLOVENIJA,Paper and Cardboard Packaging (15 01 01),3.966,231.255,561.14
2023,JUGOVZHODNA SLOVENIJA,Paper and Cardboard Packaging (15 01 01),561.14,0,290.453
2024,JUGOVZHODNA SLOVENIJA,Paper and Cardboard Packaging (15 01 01),290.453,0,NA
2016,JUGOVZHODNA SLOVENIJA,Paper and Cardboard from Municipal Waste (20 01 01),21.945,48.419,0.603
2017,JUGOVZHODNA SLOVENIJA,Paper and Cardboard from Municipal Waste (20 01 01),0.603,0.603,87.537
2019,JUGOVZHODNA SLOVENIJA,Paper and Cardboard from Municipal Waste (20 01 01),87.537,36.778,36.778
2020,JUGOVZHODNA SLOVENIJA,Paper and Cardboard from Municipal Waste (20 01 01),36.778,0,0
2021,JUGOVZHODNA SLOVENIJA,Paper and Cardboard from Municipal Waste (20 01 01),0,13.511,137.541
2022,JUGOVZHODNA SLOVENIJA,Paper and Cardboard from Municipal Waste (20 01 01),137.541,0,309.595
2023,JUGOVZHODNA SLOVENIJA,Paper and Cardboard from Municipal Waste (20 01 01),309.595,0,NA
2016,JUGOVZHODNA SLOVENIJA,Paper and Cardboard from Waste Treatment (19 12 01),63.07,12.194,35.796
2017,JUGOVZHODNA SLOVENIJA,Paper and Cardboard from Waste Treatment (19 12 01),35.796,0,0
2019,JUGOVZHODNA SLOVENIJA,Paper and Cardboard from Waste Treatment (19 12 01),0,89.585,89.585
2020,JUGOVZHODNA SLOVENIJA,Paper and Cardboard from Waste Treatment (19 12 01),89.585,0,0
2021,JUGOVZHODNA SLOVENIJA,Paper and Cardboard from Waste Treatment (19 12 01),0,217.126,0.52
2024,JUGOVZHODNA SLOVENIJA,Paper and Cardboard from Waste Treatment (19 12 01),0.52,0,NA
2016,JUGOVZHODNA SLOVENIJA,Sawdust/Shavings/Cuttings (03 01 05),0,24.538,227.961
2017,JUGOVZHODNA SLOVENIJA,Sawdust/Shavings/Cuttings (03 01 05),227.961,0,0
2021,JUGOVZHODNA SLOVENIJA,Sawdust/Shavings/Cuttings (03 01 05),0,17.408,90.427
2023,JUGOVZHODNA SLOVENIJA,Sawdust/Shavings/Cuttings (03 01 05),90.427,0,NA
2017,JUGOVZHODNA SLOVENIJA,Wood Waste from Treatment (not 19 12 06) (19 12 07),313.966,150.608,NA
2016,JUGOVZHODNA SLOVENIJA,Wooden Packaging (15 01 03),2.736,3.5,352.051
2017,JUGOVZHODNA SLOVENIJA,Wooden Packaging (15 01 03),352.051,3.5,3.5
2018,JUGOVZHODNA SLOVENIJA,Wooden Packaging (15 01 03),3.5,6.829,6.829
2019,JUGOVZHODNA SLOVENIJA,Wooden Packaging (15 01 03),6.829,47.314,47.314
2020,JUGOVZHODNA SLOVENIJA,Wooden Packaging (15 01 03),47.314,0,12.38
2021,JUGOVZHODNA SLOVENIJA,Wooden Packaging (15 01 03),12.38,0,244.35
2023,JUGOVZHODNA SLOVENIJA,Wooden Packaging (15 01 03),244.35,0,NA
2019,KOROŠKA,Construction Wood Waste (17 02 01),10.7,19.06,19.06
2020,KOROŠKA,Construction Wood Waste (17 02 01),19.06,16.26,16.26
2021,KOROŠKA,Construction Wood Waste (17 02 01),16.26,31.61,31.61
2023,KOROŠKA,Construction Wood Waste (17 02 01),31.61,0,NA
2023,OBALNO-KRAŠKA,Construction Wood Waste (17 02 01),84,0,NA
2016,OBALNO-KRAŠKA,Non-hazardous Wood from Municipal Waste (20 01 38),0,3.3,3.3
2017,OBALNO-KRAŠKA,Non-hazardous Wood from Municipal Waste (20 01 38),3.3,0,5.524
2024,OBALNO-KRAŠKA,Non-hazardous Wood from Municipal Waste (20 01 38),5.524,0,NA
2016,OBALNO-KRAŠKA,Paper and Cardboard Packaging (15 01 01),98.927,43.274,43.274
2017,OBALNO-KRAŠKA,Paper and Cardboard Packaging (15 01 01),43.274,43.274,43.274
2018,OBALNO-KRAŠKA,Paper and Cardboard Packaging (15 01 01),43.274,51.973,125.393
2019,OBALNO-KRAŠKA,Paper and Cardboard Packaging (15 01 01),125.393,36.393,36.393
2020,OBALNO-KRAŠKA,Paper and Cardboard Packaging (15 01 01),36.393,0,0
2021,OBALNO-KRAŠKA,Paper and Cardboard Packaging (15 01 01),0,65.502,55.033
2023,OBALNO-KRAŠKA,Paper and Cardboard Packaging (15 01 01),55.033,0,89.87100000000001
2024,OBALNO-KRAŠKA,Paper and Cardboard Packaging (15 01 01),89.87100000000001,0,NA
2016,OBALNO-KRAŠKA,Paper and Cardboard from Municipal Waste (20 01 01),30.58,37.065,50.366
2019,OBALNO-KRAŠKA,Paper and Cardboard from Municipal Waste (20 01 01),50.366,103.128,103.128
2020,OBALNO-KRAŠKA,Paper and Cardboard from Municipal Waste (20 01 01),103.128,0,0
2021,OBALNO-KRAŠKA,Paper and Cardboard from Municipal Waste (20 01 01),0,48.341,54.513
2023,OBALNO-KRAŠKA,Paper and Cardboard from Municipal Waste (20 01 01),54.513,0,51.436
2024,OBALNO-KRAŠKA,Paper and Cardboard from Municipal Waste (20 01 01),51.436,0,NA
2019,OBALNO-KRAŠKA,Paper and Cardboard from Waste Treatment (19 12 01),0,61.48,61.48
2020,OBALNO-KRAŠKA,Paper and Cardboard from Waste Treatment (19 12 01),61.48,0,13.29
2023,OBALNO-KRAŠKA,Paper and Cardboard from Waste Treatment (19 12 01),13.29,0,NA
2024,OBALNO-KRAŠKA,Wood Waste from Treatment (not 19 12 06) (19 12 07),10.87,0,NA
2016,OBALNO-KRAŠKA,Wooden Packaging (15 01 03),8.21,0,15.219
2019,OBALNO-KRAŠKA,Wooden Packaging (15 01 03),15.219,6.397,6.397
2020,OBALNO-KRAŠKA,Wooden Packaging (15 01 03),6.397,0,0
2021,OBALNO-KRAŠKA,Wooden Packaging (15 01 03),0,5.771,11.59
2024,OBALNO-KRAŠKA,Wooden Packaging (15 01 03),11.59,0,NA
2019,OSREDNJESLOVENSKA,Bark and Wood Waste from Pulp/Paper Production (03 03 01),6.52,5.024,5.024
2020,OSREDNJESLOVENSKA,Bark and Wood Waste from Pulp/Paper Production (03 03 01),5.024,0,9.28
2024,OSREDNJESLOVENSKA,Bark and Wood Waste from Pulp/Paper Production (03 03 01),9.28,0,NA
2017,OSREDNJESLOVENSKA,Bulky Municipal Waste (20 03 07),0.58,0,7.02
2019,OSREDNJESLOVENSKA,Bulky Municipal Waste (20 03 07),7.02,26,26
2020,OSREDNJESLOVENSKA,Bulky Municipal Waste (20 03 07),26,17.8,7.8
2021,OSREDNJESLOVENSKA,Bulky Municipal Waste (20 03 07),7.8,650.81,NA
2016,OSREDNJESLOVENSKA,Construction Wood Waste (17 02 01),0,200,200
2017,OSREDNJESLOVENSKA,Construction Wood Waste (17 02 01),200,0,0
2020,OSREDNJESLOVENSKA,Construction Wood Waste (17 02 01),0,10.58,10.58
2021,OSREDNJESLOVENSKA,Construction Wood Waste (17 02 01),10.58,41.775,2.96
2022,OSREDNJESLOVENSKA,Construction Wood Waste (17 02 01),2.96,0,NA
2016,OSREDNJESLOVENSKA,Non-hazardous Wood from Municipal Waste (20 01 38),4517.17,5370.9619999999995,2467.372
2017,OSREDNJESLOVENSKA,Non-hazardous Wood from Municipal Waste (20 01 38),2467.372,2920.5339999999997,2899.798
2018,OSREDNJESLOVENSKA,Non-hazardous Wood from Municipal Waste (20 01 38),2899.798,1822.638,1846.348
2019,OSREDNJESLOVENSKA,Non-hazardous Wood from Municipal Waste (20 01 38),1846.348,2630.79,2630.79
2020,OSREDNJESLOVENSKA,Non-hazardous Wood from Municipal Waste (20 01 38),2630.79,6835.148,7553.418
2021,OSREDNJESLOVENSKA,Non-hazardous Wood from Municipal Waste (20 01 38),7553.418,5650.262,272.224
2023,OSREDNJESLOVENSKA,Non-hazardous Wood from Municipal Waste (20 01 38),272.224,0,3694.69
2024,OSREDNJESLOVENSKA,Non-hazardous Wood from Municipal Waste (20 01 38),3694.69,0,NA
2016,OSREDNJESLOVENSKA,Paper and Cardboard Packaging (15 01 01),151.189,289.35999999999996,289.35999999999996
2017,OSREDNJESLOVENSKA,Paper and Cardboard Packaging (15 01 01),289.35999999999996,285.26800000000003,285.26800000000003
2018,OSREDNJESLOVENSKA,Paper and Cardboard Packaging (15 01 01),285.26800000000003,191.809,27.325
2019,OSREDNJESLOVENSKA,Paper and Cardboard Packaging (15 01 01),27.325,214.268,214.268
2020,OSREDNJESLOVENSKA,Paper and Cardboard Packaging (15 01 01),214.268,104.15,4691.198
2021,OSREDNJESLOVENSKA,Paper and Cardboard Packaging (15 01 01),4691.198,173.13,902.17
2022,OSREDNJESLOVENSKA,Paper and Cardboard Packaging (15 01 01),902.17,0,598.94
2023,OSREDNJESLOVENSKA,Paper and Cardboard Packaging (15 01 01),598.94,0,129.938
2024,OSREDNJESLOVENSKA,Paper and Cardboard Packaging (15 01 01),129.938,0,NA
2016,OSREDNJESLOVENSKA,Paper and Cardboard from Municipal Waste (20 01 01),471.664,736.405,736.405
2017,OSREDNJESLOVENSKA,Paper and Cardboard from Municipal Waste (20 01 01),736.405,1198.094,1198.094
2018,OSREDNJESLOVENSKA,Paper and Cardboard from Municipal Waste (20 01 01),1198.094,3811.7480000000005,1266.9450000000002
2019,OSREDNJESLOVENSKA,Paper and Cardboard from Municipal Waste (20 01 01),1266.9450000000002,4072.324,4072.324
2020,OSREDNJESLOVENSKA,Paper and Cardboard from Municipal Waste (20 01 01),4072.324,291.574,10972.344
2021,OSREDNJESLOVENSKA,Paper and Cardboard from Municipal Waste (20 01 01),10972.344,8394.487,5965.19
2022,OSREDNJESLOVENSKA,Paper and Cardboard from Municipal Waste (20 01 01),5965.19,0,243.756
2023,OSREDNJESLOVENSKA,Paper and Cardboard from Municipal Waste (20 01 01),243.756,0,2967.43
2024,OSREDNJESLOVENSKA,Paper and Cardboard from Municipal Waste (20 01 01),2967.43,0,NA
2016,OSREDNJESLOVENSKA,Paper and Cardboard from Waste Treatment (19 12 01),271.308,0,0
2017,OSREDNJESLOVENSKA,Paper and Cardboard from Waste Treatment (19 12 01),0,50.791000000000004,41.191
2018,OSREDNJESLOVENSKA,Paper and Cardboard from Waste Treatment (19 12 01),41.191,1594.97,1594.97
2019,OSREDNJESLOVENSKA,Paper and Cardboard from Waste Treatment (19 12 01),1594.97,1892.019,1892.019
2020,OSREDNJESLOVENSKA,Paper and Cardboard from Waste Treatment (19 12 01),1892.019,4896.74,4896.74
2021,OSREDNJESLOVENSKA,Paper and Cardboard from Waste Treatment (19 12 01),4896.74,7186.051,5631.372
2022,OSREDNJESLOVENSKA,Paper and Cardboard from Waste Treatment (19 12 01),5631.372,0,4108.442
2023,OSREDNJESLOVENSKA,Paper and Cardboard from Waste Treatment (19 12 01),4108.442,0,3870.23
2024,OSREDNJESLOVENSKA,Paper and Cardboard from Waste Treatment (19 12 01),3870.23,0,NA
2016,OSREDNJESLOVENSKA,Sawdust/Shavings/Cuttings (03 01 05),35.844,0.344,16.19
2019,OSREDNJESLOVENSKA,Sawdust/Shavings/Cuttings (03 01 05),16.19,34.31,34.31
2020,OSREDNJESLOVENSKA,Sawdust/Shavings/Cuttings (03 01 05),34.31,0,25.7
2023,OSREDNJESLOVENSKA,Sawdust/Shavings/Cuttings (03 01 05),25.7,0,NA
2016,OSREDNJESLOVENSKA,Waste from Sorting of Paper and Cardboard for Recycling (03 03 08),1.416,0,493.35
2018,OSREDNJESLOVENSKA,Waste from Sorting of Paper and Cardboard for Recycling (03 03 08),493.35,786.6,786.6
2019,OSREDNJESLOVENSKA,Waste from Sorting of Paper and Cardboard for Recycling (03 03 08),786.6,540.483,540.483
2020,OSREDNJESLOVENSKA,Waste from Sorting of Paper and Cardboard for Recycling (03 03 08),540.483,2066.56,2066.56
2021,OSREDNJESLOVENSKA,Waste from Sorting of Paper and Cardboard for Recycling (03 03 08),2066.56,10293.693,10293.693
2022,OSREDNJESLOVENSKA,Waste from Sorting of Paper and Cardboard for Recycling (03 03 08),10293.693,0,11162.317
2023,OSREDNJESLOVENSKA,Waste from Sorting of Paper and Cardboard for Recycling (03 03 08),11162.317,0,9871.597
2024,OSREDNJESLOVENSKA,Waste from Sorting of Paper and Cardboard for Recycling (03 03 08),9871.597,0,NA
2017,OSREDNJESLOVENSKA,Wood Waste from Treatment (not 19 12 06) (19 12 07),703.358,2.21,2.21
2018,OSREDNJESLOVENSKA,Wood Waste from Treatment (not 19 12 06) (19 12 07),2.21,0,0
2021,OSREDNJESLOVENSKA,Wood Waste from Treatment (not 19 12 06) (19 12 07),0,7.14,7.14
2022,OSREDNJESLOVENSKA,Wood Waste from Treatment (not 19 12 06) (19 12 07),7.14,0,31
2024,OSREDNJESLOVENSKA,Wood Waste from Treatment (not 19 12 06) (19 12 07),31,0,NA
2016,OSREDNJESLOVENSKA,Wooden Packaging (15 01 03),88.541,40.746,62.986
2017,OSREDNJESLOVENSKA,Wooden Packaging (15 01 03),62.986,39.672,12.5
2018,OSREDNJESLOVENSKA,Wooden Packaging (15 01 03),12.5,7,22.814
2019,OSREDNJESLOVENSKA,Wooden Packaging (15 01 03),22.814,6.499,6.499
2020,OSREDNJESLOVENSKA,Wooden Packaging (15 01 03),6.499,9.35,18.87
2021,OSREDNJESLOVENSKA,Wooden Packaging (15 01 03),18.87,53.596,10.5
2022,OSREDNJESLOVENSKA,Wooden Packaging (15 01 03),10.5,0,235.691
2023,OSREDNJESLOVENSKA,Wooden Packaging (15 01 03),235.691,0,97.582
2024,OSREDNJESLOVENSKA,Wooden Packaging (15 01 03),97.582,0,NA
2016,PODRAVSKA,Bulky Municipal Waste (20 03 07),0,539.84,539.84
2017,PODRAVSKA,Bulky Municipal Waste (20 03 07),539.84,1560,120
2019,PODRAVSKA,Bulky Municipal Waste (20 03 07),120,350,350
2020,PODRAVSKA,Bulky Municipal Waste (20 03 07),350,380.52,280.52
2021,PODRAVSKA,Bulky Municipal Waste (20 03 07),280.52,485.92,450.92
2022,PODRAVSKA,Bulky Municipal Waste (20 03 07),450.92,0,NA
2020,PODRAVSKA,Non-hazardous Wood from Municipal Waste (20 01 38),769.193,130,30
2021,PODRAVSKA,Non-hazardous Wood from Municipal Waste (20 01 38),30,55.891,NA
2023,PODRAVSKA,"On-site Pulp, Paper and Cardboard Recycling Sludges (03 03 11)",278.954,0,371.677
2024,PODRAVSKA,"On-site Pulp, Paper and Cardboard Recycling Sludges (03 03 11)",371.677,0,NA
2016,PODRAVSKA,Paper and Cardboard Packaging (15 01 01),128.675,18.85,18.85
2017,PODRAVSKA,Paper and Cardboard Packaging (15 01 01),18.85,61.25,0
2018,PODRAVSKA,Paper and Cardboard Packaging (15 01 01),0,68.08999999999999,66.145
2019,PODRAVSKA,Paper and Cardboard Packaging (15 01 01),66.145,239.66199999999998,220.162
2020,PODRAVSKA,Paper and Cardboard Packaging (15 01 01),220.162,63.975,63.975
2021,PODRAVSKA,Paper and Cardboard Packaging (15 01 01),63.975,101.828,23.66
2022,PODRAVSKA,Paper and Cardboard Packaging (15 01 01),23.66,0,85.874
2023,PODRAVSKA,Paper and Cardboard Packaging (15 01 01),85.874,0,94.97300000000001
2024,PODRAVSKA,Paper and Cardboard Packaging (15 01 01),94.97300000000001,0,NA
2016,PODRAVSKA,Paper and Cardboard from Municipal Waste (20 01 01),601.131,0.32,0.32
2017,PODRAVSKA,Paper and Cardboard from Municipal Waste (20 01 01),0.32,316.245,316.245
2018,PODRAVSKA,Paper and Cardboard from Municipal Waste (20 01 01),316.245,1167.03,1169.667
2019,PODRAVSKA,Paper and Cardboard from Municipal Waste (20 01 01),1169.667,488.789,441.869
2020,PODRAVSKA,Paper and Cardboard from Municipal Waste (20 01 01),441.869,193.437,193.437
2021,PODRAVSKA,Paper and Cardboard from Municipal Waste (20 01 01),193.437,260.785,170.598
2022,PODRAVSKA,Paper and Cardboard from Municipal Waste (20 01 01),170.598,0,374.31
2023,PODRAVSKA,Paper and Cardboard from Municipal Waste (20 01 01),374.31,0,55.576
2024,PODRAVSKA,Paper and Cardboard from Municipal Waste (20 01 01),55.576,0,NA
2016,PODRAVSKA,Paper and Cardboard from Waste Treatment (19 12 01),0,0,0
2020,PODRAVSKA,Paper and Cardboard from Waste Treatment (19 12 01),0,8.217,8.217
2021,PODRAVSKA,Paper and Cardboard from Waste Treatment (19 12 01),8.217,34.293,19.94
2024,PODRAVSKA,Paper and Cardboard from Waste Treatment (19 12 01),19.94,0,NA
2016,PODRAVSKA,Waste from Sorting of Paper and Cardboard for Recycling (03 03 08),0,0,NA
2016,PODRAVSKA,Wood Containing Hazardous Substances (20 01 37*),0.038,0,NA
2023,PODRAVSKA,Wood Waste from Treatment (not 19 12 06) (19 12 07),5.622,0,NA
2016,PODRAVSKA,Wooden Packaging (15 01 03),0,237.15,237.15
2017,PODRAVSKA,Wooden Packaging (15 01 03),237.15,0,0.66
2019,PODRAVSKA,Wooden Packaging (15 01 03),0.66,0,0
2020,PODRAVSKA,Wooden Packaging (15 01 03),0,11.82,11.82
2021,PODRAVSKA,Wooden Packaging (15 01 03),11.82,35.884,23.218
2023,PODRAVSKA,Wooden Packaging (15 01 03),23.218,0,193.46800000000002
2024,PODRAVSKA,Wooden Packaging (15 01 03),193.46800000000002,0,NA
2017,POMURSKA,Non-hazardous Wood from Municipal Waste (20 01 38),255.82,26.04,26.04
2018,POMURSKA,Non-hazardous Wood from Municipal Waste (20 01 38),26.04,0,0
2019,POMURSKA,Non-hazardous Wood from Municipal Waste (20 01 38),0,22.96,22.96
2020,POMURSKA,Non-hazardous Wood from Municipal Waste (20 01 38),22.96,22.04,22.04
2021,POMURSKA,Non-hazardous Wood from Municipal Waste (20 01 38),22.04,40.48,40.48
2022,POMURSKA,Non-hazardous Wood from Municipal Waste (20 01 38),40.48,0,NA
2016,POMURSKA,Paper and Cardboard Packaging (15 01 01),49.428,44.632,50.089
2017,POMURSKA,Paper and Cardboard Packaging (15 01 01),50.089,66.807,66.807
2018,POMURSKA,Paper and Cardboard Packaging (15 01 01),66.807,107.73,107.73
2019,POMURSKA,Paper and Cardboard Packaging (15 01 01),107.73,197.768,197.768
2020,POMURSKA,Paper and Cardboard Packaging (15 01 01),197.768,84.891,84.891
2021,POMURSKA,Paper and Cardboard Packaging (15 01 01),84.891,97.172,169.09
2023,POMURSKA,Paper and Cardboard Packaging (15 01 01),169.09,0,112.467
2024,POMURSKA,Paper and Cardboard Packaging (15 01 01),112.467,0,NA
2016,POMURSKA,Paper and Cardboard from Municipal Waste (20 01 01),58.224,12.848,23.216
2017,POMURSKA,Paper and Cardboard from Municipal Waste (20 01 01),23.216,51.405,51.405
2018,POMURSKA,Paper and Cardboard from Municipal Waste (20 01 01),51.405,31.204,131.767
2019,POMURSKA,Paper and Cardboard from Municipal Waste (20 01 01),131.767,257.28200000000004,257.282
2020,POMURSKA,Paper and Cardboard from Municipal Waste (20 01 01),257.282,21.514,21.514
2021,POMURSKA,Paper and Cardboard from Municipal Waste (20 01 01),21.514,151.925,355.108
2023,POMURSKA,Paper and Cardboard from Municipal Waste (20 01 01),355.108,0,105.813
2024,POMURSKA,Paper and Cardboard from Municipal Waste (20 01 01),105.813,0,NA
2019,POMURSKA,Paper and Cardboard from Waste Treatment (19 12 01),0,37.702,37.702
2020,POMURSKA,Paper and Cardboard from Waste Treatment (19 12 01),37.702,50.554,50.554
2021,POMURSKA,Paper and Cardboard from Waste Treatment (19 12 01),50.554,0,4.435
2024,POMURSKA,Paper and Cardboard from Waste Treatment (19 12 01),4.435,0,NA
2019,POMURSKA,Sawdust/Shavings/Cuttings (03 01 05),0.74,12.125,12.125
2020,POMURSKA,Sawdust/Shavings/Cuttings (03 01 05),12.125,15.606,15.606
2021,POMURSKA,Sawdust/Shavings/Cuttings (03 01 05),15.606,0,NA
2021,POMURSKA,Wood Waste from Treatment (not 19 12 06) (19 12 07),0,124.268,NA
2019,POMURSKA,Wooden Packaging (15 01 03),5.602,13.78,13.78
2020,POMURSKA,Wooden Packaging (15 01 03),13.78,31.114,31.114
2021,POMURSKA,Wooden Packaging (15 01 03),31.114,17.208,20.827
2023,POMURSKA,Wooden Packaging (15 01 03),20.827,0,10.827
2024,POMURSKA,Wooden Packaging (15 01 03),10.827,0,NA
2016,POSAVSKA,Bark and Wood Waste from Pulp/Paper Production (03 03 01),5107.321,2951.603,2951.603
2017,POSAVSKA,Bark and Wood Waste from Pulp/Paper Production (03 03 01),2951.603,9838.463,9838.463
2018,POSAVSKA,Bark and Wood Waste from Pulp/Paper Production (03 03 01),9838.463,4606.417,4606.417
2019,POSAVSKA,Bark and Wood Waste from Pulp/Paper Production (03 03 01),4606.417,5555.076,5555.076
2020,POSAVSKA,Bark and Wood Waste from Pulp/Paper Production (03 03 01),5555.076,8392.205,584.055
2021,POSAVSKA,Bark and Wood Waste from Pulp/Paper Production (03 03 01),584.055,545.64,NA
2023,POSAVSKA,Non-hazardous Wood from Municipal Waste (20 01 38),132.208,0,NA
2016,POSAVSKA,Paper and Cardboard Packaging (15 01 01),0.46,0,0
2021,POSAVSKA,Paper and Cardboard Packaging (15 01 01),0,2.266,NA
2016,POSAVSKA,Paper and Cardboard from Municipal Waste (20 01 01),7251.19,6728.736,6728.736
2017,POSAVSKA,Paper and Cardboard from Municipal Waste (20 01 01),6728.736,5304.184,5304.184
2018,POSAVSKA,Paper and Cardboard from Municipal Waste (20 01 01),5304.184,4383.337,4383.337
2019,POSAVSKA,Paper and Cardboard from Municipal Waste (20 01 01),4383.337,4430.364,4430.364
2020,POSAVSKA,Paper and Cardboard from Municipal Waste (20 01 01),4430.364,4387.533,4387.533
2021,POSAVSKA,Paper and Cardboard from Municipal Waste (20 01 01),4387.533,421.772,5511.071
2023,POSAVSKA,Paper and Cardboard from Municipal Waste (20 01 01),5511.071,0,6341.478999999999
2024,POSAVSKA,Paper and Cardboard from Municipal Waste (20 01 01),6341.478999999999,0,NA
2016,POSAVSKA,Paper and Cardboard from Waste Treatment (19 12 01),2705.17,2407.815,2407.815
2017,POSAVSKA,Paper and Cardboard from Waste Treatment (19 12 01),2407.815,1481.939,1481.939
2018,POSAVSKA,Paper and Cardboard from Waste Treatment (19 12 01),1481.939,1411.668,1411.668
2019,POSAVSKA,Paper and Cardboard from Waste Treatment (19 12 01),1411.668,1279.823,1279.823
2020,POSAVSKA,Paper and Cardboard from Waste Treatment (19 12 01),1279.823,2365.78,2365.78
2021,POSAVSKA,Paper and Cardboard from Waste Treatment (19 12 01),2365.78,440.962,9756.553
2023,POSAVSKA,Paper and Cardboard from Waste Treatment (19 12 01),9756.553,0,8092.194
2024,POSAVSKA,Paper and Cardboard from Waste Treatment (19 12 01),8092.194,0,NA
2016,POSAVSKA,Wooden Packaging (15 01 03),255,181,181
2017,POSAVSKA,Wooden Packaging (15 01 03),181,106,106
2018,POSAVSKA,Wooden Packaging (15 01 03),106,117,117
2019,POSAVSKA,Wooden Packaging (15 01 03),117,99,99
2020,POSAVSKA,Wooden Packaging (15 01 03),99,1.695,1.695
2021,POSAVSKA,Wooden Packaging (15 01 03),1.695,29,NA
2016,PRIMORSKO-NOTRANJSKA,Paper and Cardboard Packaging (15 01 01),7.7,7.7,7.7
2017,PRIMORSKO-NOTRANJSKA,Paper and Cardboard Packaging (15 01 01),7.7,28.452,9.721
2019,PRIMORSKO-NOTRANJSKA,Paper and Cardboard Packaging (15 01 01),9.721,13.46,13.46
2020,PRIMORSKO-NOTRANJSKA,Paper and Cardboard Packaging (15 01 01),13.46,1.159,1.159
2021,PRIMORSKO-NOTRANJSKA,Paper and Cardboard Packaging (15 01 01),1.159,9.985,9.985
2022,PRIMORSKO-NOTRANJSKA,Paper and Cardboard Packaging (15 01 01),9.985,0,2.715
2023,PRIMORSKO-NOTRANJSKA,Paper and Cardboard Packaging (15 01 01),2.715,0,5.815
2024,PRIMORSKO-NOTRANJSKA,Paper and Cardboard Packaging (15 01 01),5.815,0,NA
2016,PRIMORSKO-NOTRANJSKA,Sawdust/Shavings/Cuttings (03 01 05),0,0,NA
2016,PRIMORSKO-NOTRANJSKA,Wooden Packaging (15 01 03),3.648,7.928,7.928
2017,PRIMORSKO-NOTRANJSKA,Wooden Packaging (15 01 03),7.928,9.208,12.24
2019,PRIMORSKO-NOTRANJSKA,Wooden Packaging (15 01 03),12.24,12.828,12.828
2020,PRIMORSKO-NOTRANJSKA,Wooden Packaging (15 01 03),12.828,12.828,12.828
2021,PRIMORSKO-NOTRANJSKA,Wooden Packaging (15 01 03),12.828,12.828,12.828
2022,PRIMORSKO-NOTRANJSKA,Wooden Packaging (15 01 03),12.828,0,12.828
2023,PRIMORSKO-NOTRANJSKA,Wooden Packaging (15 01 03),12.828,0,12.828
2024,PRIMORSKO-NOTRANJSKA,Wooden Packaging (15 01 03),12.828,0,NA
2016,SAVINJSKA,Bulky Municipal Waste (20 03 07),351.544,258.978,0
2021,SAVINJSKA,Bulky Municipal Waste (20 03 07),0,146.7,NA
2016,SAVINJSKA,Construction Wood Waste (17 02 01),92.811,70.247,NA
2016,SAVINJSKA,Non-hazardous Wood from Municipal Waste (20 01 38),739.797,417.514,38.343
2019,SAVINJSKA,Non-hazardous Wood from Municipal Waste (20 01 38),38.343,14.96,14.96
2020,SAVINJSKA,Non-hazardous Wood from Municipal Waste (20 01 38),14.96,11.851,11.851
2021,SAVINJSKA,Non-hazardous Wood from Municipal Waste (20 01 38),11.851,0,73.46000000000001
2024,SAVINJSKA,Non-hazardous Wood from Municipal Waste (20 01 38),73.46000000000001,0,NA
2016,SAVINJSKA,Paper and Cardboard Packaging (15 01 01),444.636,148.2,0
2019,SAVINJSKA,Paper and Cardboard Packaging (15 01 01),0,0.85,0.85
2020,SAVINJSKA,Paper and Cardboard Packaging (15 01 01),0.85,170.939,170.939
2021,SAVINJSKA,Paper and Cardboard Packaging (15 01 01),170.939,198.79,167.596
2023,SAVINJSKA,Paper and Cardboard Packaging (15 01 01),167.596,0,NA
2016,SAVINJSKA,Paper and Cardboard from Municipal Waste (20 01 01),66.286,155.984,155.381
2017,SAVINJSKA,Paper and Cardboard from Municipal Waste (20 01 01),155.381,155.381,155.381
2018,SAVINJSKA,Paper and Cardboard from Municipal Waste (20 01 01),155.381,238.826,238.826
2019,SAVINJSKA,Paper and Cardboard from Municipal Waste (20 01 01),238.826,58.496,58.496
2020,SAVINJSKA,Paper and Cardboard from Municipal Waste (20 01 01),58.496,68.701,68.701
2021,SAVINJSKA,Paper and Cardboard from Municipal Waste (20 01 01),68.701,292.307,25.044
2023,SAVINJSKA,Paper and Cardboard from Municipal Waste (20 01 01),25.044,0,176.744
2024,SAVINJSKA,Paper and Cardboard from Municipal Waste (20 01 01),176.744,0,NA
2016,SAVINJSKA,Paper and Cardboard from Waste Treatment (19 12 01),21.432,23.602,0
2018,SAVINJSKA,Paper and Cardboard from Waste Treatment (19 12 01),0,9.79,9.79
2019,SAVINJSKA,Paper and Cardboard from Waste Treatment (19 12 01),9.79,384.891,384.891
2020,SAVINJSKA,Paper and Cardboard from Waste Treatment (19 12 01),384.891,92.406,92.406
2021,SAVINJSKA,Paper and Cardboard from Waste Treatment (19 12 01),92.406,98.401,98.401
2023,SAVINJSKA,Paper and Cardboard from Waste Treatment (19 12 01),98.401,0,183.407
2024,SAVINJSKA,Paper and Cardboard from Waste Treatment (19 12 01),183.407,0,NA
2016,SAVINJSKA,Sawdust/Shavings/Cuttings (03 01 05),270.435,215.097,11.674
2017,SAVINJSKA,Sawdust/Shavings/Cuttings (03 01 05),11.674,0,0.3
2024,SAVINJSKA,Sawdust/Shavings/Cuttings (03 01 05),0.3,0,NA
2016,SAVINJSKA,Waste from Sorting of Paper and Cardboard for Recycling (03 03 08),44.34,62,62
2017,SAVINJSKA,Waste from Sorting of Paper and Cardboard for Recycling (03 03 08),62,83.92,40
2018,SAVINJSKA,Waste from Sorting of Paper and Cardboard for Recycling (03 03 08),40,51.257,51.257
2019,SAVINJSKA,Waste from Sorting of Paper and Cardboard for Recycling (03 03 08),51.257,90.435,90.435
2020,SAVINJSKA,Waste from Sorting of Paper and Cardboard for Recycling (03 03 08),90.435,200.06,200.06
2021,SAVINJSKA,Waste from Sorting of Paper and Cardboard for Recycling (03 03 08),200.06,99.241,4.41
2023,SAVINJSKA,Waste from Sorting of Paper and Cardboard for Recycling (03 03 08),4.41,0,NA
2016,SAVINJSKA,Wood Waste from Treatment (not 19 12 06) (19 12 07),140.561,313.966,0
2021,SAVINJSKA,Wood Waste from Treatment (not 19 12 06) (19 12 07),0,21.916,93.251
2023,SAVINJSKA,Wood Waste from Treatment (not 19 12 06) (19 12 07),93.251,0,154.111
2024,SAVINJSKA,Wood Waste from Treatment (not 19 12 06) (19 12 07),154.111,0,NA
2016,SAVINJSKA,Wooden Packaging (15 01 03),189.386,382.568,34.017
2017,SAVINJSKA,Wooden Packaging (15 01 03),34.017,35.884,35.884
2018,SAVINJSKA,Wooden Packaging (15 01 03),35.884,16.704,16.704
2019,SAVINJSKA,Wooden Packaging (15 01 03),16.704,18.589000000000002,18.589
2020,SAVINJSKA,Wooden Packaging (15 01 03),18.589,69.715,69.715
2021,SAVINJSKA,Wooden Packaging (15 01 03),69.715,20.68,56.16
2023,SAVINJSKA,Wooden Packaging (15 01 03),56.16,0,17.7
2024,SAVINJSKA,Wooden Packaging (15 01 03),17.7,0,NA
2016,ZASAVSKA,Non-hazardous Wood from Municipal Waste (20 01 38),798.271,1484.941,1484.941
2017,ZASAVSKA,Non-hazardous Wood from Municipal Waste (20 01 38),1484.941,680.246,680.246
2018,ZASAVSKA,Non-hazardous Wood from Municipal Waste (20 01 38),680.246,1434.055,1434.055
2019,ZASAVSKA,Non-hazardous Wood from Municipal Waste (20 01 38),1434.055,1322.45,1322.45
2020,ZASAVSKA,Non-hazardous Wood from Municipal Waste (20 01 38),1322.45,1359.21,1359.21
2021,ZASAVSKA,Non-hazardous Wood from Municipal Waste (20 01 38),1359.21,323.91,323.91
2022,ZASAVSKA,Non-hazardous Wood from Municipal Waste (20 01 38),323.91,0,416.21
2024,ZASAVSKA,Non-hazardous Wood from Municipal Waste (20 01 38),416.21,0,NA
2016,ZASAVSKA,Paper and Cardboard Packaging (15 01 01),13.56,0,0
2017,ZASAVSKA,Paper and Cardboard Packaging (15 01 01),0,17.66,17.66
2018,ZASAVSKA,Paper and Cardboard Packaging (15 01 01),17.66,23.64,23.64
2019,ZASAVSKA,Paper and Cardboard Packaging (15 01 01),23.64,21.12,21.12
2020,ZASAVSKA,Paper and Cardboard Packaging (15 01 01),21.12,21.12,21.12
2021,ZASAVSKA,Paper and Cardboard Packaging (15 01 01),21.12,0,NA
2016,ZASAVSKA,Paper and Cardboard from Waste Treatment (19 12 01),0,20.891,20.891
2017,ZASAVSKA,Paper and Cardboard from Waste Treatment (19 12 01),20.891,20.891,20.891
2018,ZASAVSKA,Paper and Cardboard from Waste Treatment (19 12 01),20.891,46.591,46.591
2019,ZASAVSKA,Paper and Cardboard from Waste Treatment (19 12 01),46.591,0,0
2020,ZASAVSKA,Paper and Cardboard from Waste Treatment (19 12 01),0,29.66,29.66
2021,ZASAVSKA,Paper and Cardboard from Waste Treatment (19 12 01),29.66,29.66,29.66
2022,ZASAVSKA,Paper and Cardboard from Waste Treatment (19 12 01),29.66,0,NA
