"Leto","Poročilo","Odlagališče","deposited_waste_code","Naziv odloženih odpadkov","Odloženi odpadki glede na občino izvora (kg)","Šifra občine 1","Naziv občine"
2024,"ODP-obdelava","GLOBOKO","20 03 07","Drugi odpadki, ki niso biorazgradljivi",15633,7,"BRDA"
2024,"ODP-obdelava","GLOBOKO","20 03 07","Drugi odpadki, ki niso biorazgradljivi",848780,43,"KAMNIK"
2024,"ODP-obdelava","GLOBOKO","20 03 07","Drugi odpadki, ki niso biorazgradljivi",15633,44,"KANAL"
2024,"ODP-obdelava","GLOBOKO","20 03 07","Drugi odpadki, ki niso biorazgradljivi",10116,75,"MIREN-KOSTANJEVICA"
2024,"ODP-obdelava","GLOBOKO","20 03 07","Drugi odpadki, ki niso biorazgradljivi",44141,84,"NOVA GORICA"
2024,"ODP-obdelava","GLOBOKO","20 03 07","Drugi odpadki, ki niso biorazgradljivi",9871,130,"TREBNJE"
2024,"ODP-obdelava","GLOBOKO","20 03 07","Drugi odpadki, ki niso biorazgradljivi",2915,199,"MOKRONOG-TREBELNO"
2024,"ODP-obdelava","GLOBOKO","20 03 07","Drugi odpadki, ki niso biorazgradljivi",6437,201,"RENČE-VOGRSKO"
2024,"ODP-obdelava","GLOBOKO","20 03 07","Drugi odpadki, ki niso biorazgradljivi",2415,211,"ŠENTRUPERT"
2024,"ODP-obdelava","GLOBOKO","20 03 07","Drugi odpadki, ki niso biorazgradljivi",2379,212,"MIRNA"
2024,"ODP-obdelava","LESKOVEC - novo","20 03 07","Drugi odpadki, ki niso biorazgradljivi",145343,3,"BLED"
2024,"ODP-obdelava","LESKOVEC - novo","20 03 07","Drugi odpadki, ki niso biorazgradljivi",14040,4,"BOHINJ"
2024,"ODP-obdelava","LESKOVEC - novo","20 03 07","Drugi odpadki, ki niso biorazgradljivi",618,8,"BREZOVICA"
2024,"ODP-obdelava","LESKOVEC - novo","20 03 07","Drugi odpadki, ki niso biorazgradljivi",1310018,9,"BREŽICE"
2024,"ODP-obdelava","LESKOVEC - novo","20 03 07","Drugi odpadki, ki niso biorazgradljivi",1,12,"CERKLJE NA GORENJSKEM"
2024,"ODP-obdelava","LESKOVEC - novo","20 03 07","Drugi odpadki, ki niso biorazgradljivi",412,14,"CERKNO"
2024,"ODP-obdelava","LESKOVEC - novo","20 03 07","Drugi odpadki, ki niso biorazgradljivi",239651,17,"ČRNOMELJ"
2024,"ODP-obdelava","LESKOVEC - novo","20 03 07","Drugi odpadki, ki niso biorazgradljivi",811,18,"DESTRNIK"
2024,"ODP-obdelava","LESKOVEC - novo","20 03 07","Drugi odpadki, ki niso biorazgradljivi",12163,29,"GORNJA RADGONA"
2024,"ODP-obdelava","LESKOVEC - novo","20 03 07","Drugi odpadki, ki niso biorazgradljivi",378200,38,"ILIRSKA BISTRICA"
2024,"ODP-obdelava","LESKOVEC - novo","20 03 07","Drugi odpadki, ki niso biorazgradljivi",6127,41,"JESENICE"
2024,"ODP-obdelava","LESKOVEC - novo","20 03 07","Drugi odpadki, ki niso biorazgradljivi",1149601,43,"KAMNIK"
2024,"ODP-obdelava","LESKOVEC - novo","20 03 07","Drugi odpadki, ki niso biorazgradljivi",6281,45,"KIDRIČEVO"
2024,"ODP-obdelava","LESKOVEC - novo","20 03 07","Drugi odpadki, ki niso biorazgradljivi",799804,48,"KOČEVJE"
2024,"ODP-obdelava","LESKOVEC - novo","20 03 07","Drugi odpadki, ki niso biorazgradljivi",366351,50,"KOPER"
2024,"ODP-obdelava","LESKOVEC - novo","20 03 07","Drugi odpadki, ki niso biorazgradljivi",3952,52,"KRANJ"
2024,"ODP-obdelava","LESKOVEC - novo","20 03 07","Drugi odpadki, ki niso biorazgradljivi",5489030,54,"KRŠKO"
2024,"ODP-obdelava","LESKOVEC - novo","20 03 07","Drugi odpadki, ki niso biorazgradljivi",68006,58,"LENART"
2024,"ODP-obdelava","LESKOVEC - novo","20 03 07","Drugi odpadki, ki niso biorazgradljivi",180,59,"LENDAVA"
2024,"ODP-obdelava","LESKOVEC - novo","20 03 07","Drugi odpadki, ki niso biorazgradljivi",222230,60,"LITIJA"
2024,"ODP-obdelava","LESKOVEC - novo","20 03 07","Drugi odpadki, ki niso biorazgradljivi",13337,61,"LJUBLJANA"
2024,"ODP-obdelava","LESKOVEC - novo","20 03 07","Drugi odpadki, ki niso biorazgradljivi",4904,64,"LOGATEC"
2024,"ODP-obdelava","LESKOVEC - novo","20 03 07","Drugi odpadki, ki niso biorazgradljivi",1506,68,"LUKOVICA"
2024,"ODP-obdelava","LESKOVEC - novo","20 03 07","Drugi odpadki, ki niso biorazgradljivi",289723,70,"MARIBOR"
2024,"ODP-obdelava","LESKOVEC - novo","20 03 07","Drugi odpadki, ki niso biorazgradljivi",83628,73,"METLIKA"
2024,"ODP-obdelava","LESKOVEC - novo","20 03 07","Drugi odpadki, ki niso biorazgradljivi",245,80,"MURSKA SOBOTA"
2024,"ODP-obdelava","LESKOVEC - novo","20 03 07","Drugi odpadki, ki niso biorazgradljivi",787197,84,"NOVA GORICA"
2024,"ODP-obdelava","LESKOVEC - novo","20 03 07","Drugi odpadki, ki niso biorazgradljivi",260527,85,"NOVO MESTO"
2024,"ODP-obdelava","LESKOVEC - novo","20 03 07","Drugi odpadki, ki niso biorazgradljivi",14660,88,"OSILNICA"
2024,"ODP-obdelava","LESKOVEC - novo","20 03 07","Drugi odpadki, ki niso biorazgradljivi",553,89,"PESNICA"
2024,"ODP-obdelava","LESKOVEC - novo","20 03 07","Drugi odpadki, ki niso biorazgradljivi",1789,94,"POSTOJNA"
2024,"ODP-obdelava","LESKOVEC - novo","20 03 07","Drugi odpadki, ki niso biorazgradljivi",487223,96,"PTUJ"
2024,"ODP-obdelava","LESKOVEC - novo","20 03 07","Drugi odpadki, ki niso biorazgradljivi",245,98,"RAČE-FRAM"
2024,"ODP-obdelava","LESKOVEC - novo","20 03 07","Drugi odpadki, ki niso biorazgradljivi",17161,100,"RADENCI"
2024,"ODP-obdelava","LESKOVEC - novo","20 03 07","Drugi odpadki, ki niso biorazgradljivi",647440,102,"RADOVLJICA"
2024,"ODP-obdelava","LESKOVEC - novo","20 03 07","Drugi odpadki, ki niso biorazgradljivi",103,106,"ROGAŠKA SLATINA"
2024,"ODP-obdelava","LESKOVEC - novo","20 03 07","Drugi odpadki, ki niso biorazgradljivi",76386,109,"SEMIČ"
2024,"ODP-obdelava","LESKOVEC - novo","20 03 07","Drugi odpadki, ki niso biorazgradljivi",121940,111,"SEŽANA"
2024,"ODP-obdelava","LESKOVEC - novo","20 03 07","Drugi odpadki, ki niso biorazgradljivi",286,113,"SLOVENSKA BISTRICA"
2024,"ODP-obdelava","LESKOVEC - novo","20 03 07","Drugi odpadki, ki niso biorazgradljivi",314,114,"SLOVENSKE KONJICE"
2024,"ODP-obdelava","LESKOVEC - novo","20 03 07","Drugi odpadki, ki niso biorazgradljivi",2600,115,"STARŠE"
2024,"ODP-obdelava","LESKOVEC - novo","20 03 07","Drugi odpadki, ki niso biorazgradljivi",5947,116,"SVETI JURIJ OB ŠČAVNICI"
2024,"ODP-obdelava","LESKOVEC - novo","20 03 07","Drugi odpadki, ki niso biorazgradljivi",264398,118,"ŠENTILJ"
2024,"ODP-obdelava","LESKOVEC - novo","20 03 07","Drugi odpadki, ki niso biorazgradljivi",76322,119,"ŠENTJERNEJ"
2024,"ODP-obdelava","LESKOVEC - novo","20 03 07","Drugi odpadki, ki niso biorazgradljivi",11144,121,"ŠKOCJAN"
2024,"ODP-obdelava","LESKOVEC - novo","20 03 07","Drugi odpadki, ki niso biorazgradljivi",297908,122,"ŠKOFJA LOKA"
2024,"ODP-obdelava","LESKOVEC - novo","20 03 07","Drugi odpadki, ki niso biorazgradljivi",1429,127,"ŠTORE"
2024,"ODP-obdelava","LESKOVEC - novo","20 03 07","Drugi odpadki, ki niso biorazgradljivi",249700,128,"TOLMIN"
2024,"ODP-obdelava","LESKOVEC - novo","20 03 07","Drugi odpadki, ki niso biorazgradljivi",27519,137,"VITANJE"
2024,"ODP-obdelava","LESKOVEC - novo","20 03 07","Drugi odpadki, ki niso biorazgradljivi",219,140,"VRHNIKA"
2024,"ODP-obdelava","LESKOVEC - novo","20 03 07","Drugi odpadki, ki niso biorazgradljivi",176865,144,"ZREČE"
2024,"ODP-obdelava","LESKOVEC - novo","20 03 07","Drugi odpadki, ki niso biorazgradljivi",44522,146,"ŽELEZNIKI"
2024,"ODP-obdelava","LESKOVEC - novo","20 03 07","Drugi odpadki, ki niso biorazgradljivi",2845,147,"ŽIRI"
2024,"ODP-obdelava","LESKOVEC - novo","20 03 07","Drugi odpadki, ki niso biorazgradljivi",15195,148,"BENEDIKT"
2024,"ODP-obdelava","LESKOVEC - novo","20 03 07","Drugi odpadki, ki niso biorazgradljivi",86800,150,"BLOKE"
2024,"ODP-obdelava","LESKOVEC - novo","20 03 07","Drugi odpadki, ki niso biorazgradljivi",9978,153,"CERKVENJAK"
2024,"ODP-obdelava","LESKOVEC - novo","20 03 07","Drugi odpadki, ki niso biorazgradljivi",23301,157,"DOLENJSKE TOPLICE"
2024,"ODP-obdelava","LESKOVEC - novo","20 03 07","Drugi odpadki, ki niso biorazgradljivi",2484,160,"HOČE-SLIVNICA"
2024,"ODP-obdelava","LESKOVEC - novo","20 03 07","Drugi odpadki, ki niso biorazgradljivi",600390,164,"KOMENDA"
2024,"ODP-obdelava","LESKOVEC - novo","20 03 07","Drugi odpadki, ki niso biorazgradljivi",6633,170,"MIRNA PEČ"
2024,"ODP-obdelava","LESKOVEC - novo","20 03 07","Drugi odpadki, ki niso biorazgradljivi",13695,181,"SVETA ANA"
2024,"ODP-obdelava","LESKOVEC - novo","20 03 07","Drugi odpadki, ki niso biorazgradljivi",55390,183,"ŠEMPETER-VRTOJBA"
2024,"ODP-obdelava","LESKOVEC - novo","20 03 07","Drugi odpadki, ki niso biorazgradljivi",30275,193,"ŽUŽEMBERK"
2024,"ODP-obdelava","LESKOVEC - novo","20 03 07","Drugi odpadki, ki niso biorazgradljivi",5046,195,"APAČE"
2024,"ODP-obdelava","LESKOVEC - novo","20 03 07","Drugi odpadki, ki niso biorazgradljivi",8938,203,"STRAŽA"
2024,"ODP-obdelava","LESKOVEC - novo","20 03 07","Drugi odpadki, ki niso biorazgradljivi",17080,204,"SVETA TROJICA V SLOVENSKIH GORICAH"
2024,"ODP-obdelava","LESKOVEC - novo","20 03 07","Drugi odpadki, ki niso biorazgradljivi",6913,206,"ŠMARJEŠKE TOPLICE"
2024,"ODP-obdelava","LESKOVEC - novo","20 03 07","Drugi odpadki, ki niso biorazgradljivi",12608,210,"SVETI JURIJ V SLOVENSKIH GORICAH"
2024,"ODP-obdelava","MALA MEŽAKLA","20 03 07","Drugi odpadki, ki niso biorazgradljivi",13315,7,"BRDA"
2024,"ODP-obdelava","MALA MEŽAKLA","20 03 07","Drugi odpadki, ki niso biorazgradljivi",709876,41,"JESENICE"
2024,"ODP-obdelava","MALA MEŽAKLA","20 03 07","Drugi odpadki, ki niso biorazgradljivi",13314,44,"KANAL"
2024,"ODP-obdelava","MALA MEŽAKLA","20 03 07","Drugi odpadki, ki niso biorazgradljivi",219160,53,"KRANJSKA GORA"
2024,"ODP-obdelava","MALA MEŽAKLA","20 03 07","Drugi odpadki, ki niso biorazgradljivi",8614,75,"MIREN-KOSTANJEVICA"
2024,"ODP-obdelava","MALA MEŽAKLA","20 03 07","Drugi odpadki, ki niso biorazgradljivi",37594,84,"NOVA GORICA"
2024,"ODP-obdelava","MALA MEŽAKLA","20 03 07","Drugi odpadki, ki niso biorazgradljivi",3760,91,"PIVKA"
2024,"ODP-obdelava","MALA MEŽAKLA","20 03 07","Drugi odpadki, ki niso biorazgradljivi",398380,94,"POSTOJNA"
2024,"ODP-obdelava","MALA MEŽAKLA","20 03 07","Drugi odpadki, ki niso biorazgradljivi",770160,164,"KOMENDA"
2024,"ODP-obdelava","MALA MEŽAKLA","20 03 07","Drugi odpadki, ki niso biorazgradljivi",210904,192,"ŽIROVNICA"
2024,"ODP-obdelava","MALA MEŽAKLA","20 03 07","Drugi odpadki, ki niso biorazgradljivi",5483,201,"RENČE-VOGRSKO"
2024,"ODP-obdelava","MALA MEŽAKLA","20 03 07","Drugi odpadki, ki niso biorazgradljivi",33940,207,"GORJE"
2024,"ODP-obdelava","PUCONCI - novo","20 03 07","Drugi odpadki, ki niso biorazgradljivi",20576,2,"BELTINCI"
2024,"ODP-obdelava","PUCONCI - novo","20 03 07","Drugi odpadki, ki niso biorazgradljivi",6095,10,"TIŠINA"
2024,"ODP-obdelava","PUCONCI - novo","20 03 07","Drugi odpadki, ki niso biorazgradljivi",6893,15,"ČRENŠOVCI"
2024,"ODP-obdelava","PUCONCI - novo","20 03 07","Drugi odpadki, ki niso biorazgradljivi",12988,29,"GORNJA RADGONA"
2024,"ODP-obdelava","PUCONCI - novo","20 03 07","Drugi odpadki, ki niso biorazgradljivi",2060,31,"GORNJI PETROVCI"
2024,"ODP-obdelava","PUCONCI - novo","20 03 07","Drugi odpadki, ki niso biorazgradljivi",1815,33,"ŠALOVCI"
2024,"ODP-obdelava","PUCONCI - novo","20 03 07","Drugi odpadki, ki niso biorazgradljivi",1103,47,"KOBILJE"
2024,"ODP-obdelava","PUCONCI - novo","20 03 07","Drugi odpadki, ki niso biorazgradljivi",3034,56,"KUZMA"
2024,"ODP-obdelava","PUCONCI - novo","20 03 07","Drugi odpadki, ki niso biorazgradljivi",14791,58,"LENART"
2024,"ODP-obdelava","PUCONCI - novo","20 03 07","Drugi odpadki, ki niso biorazgradljivi",11582,59,"LENDAVA"
2024,"ODP-obdelava","PUCONCI - novo","20 03 07","Drugi odpadki, ki niso biorazgradljivi",25735,63,"LJUTOMER"
2024,"ODP-obdelava","PUCONCI - novo","20 03 07","Drugi odpadki, ki niso biorazgradljivi",11121,78,"MORAVSKE TOPLICE"
2024,"ODP-obdelava","PUCONCI - novo","20 03 07","Drugi odpadki, ki niso biorazgradljivi",39837,80,"MURSKA SOBOTA"
2024,"ODP-obdelava","PUCONCI - novo","20 03 07","Drugi odpadki, ki niso biorazgradljivi",2747,86,"ODRANCI"
2024,"ODP-obdelava","PUCONCI - novo","20 03 07","Drugi odpadki, ki niso biorazgradljivi",20253,87,"ORMOŽ"
2024,"ODP-obdelava","PUCONCI - novo","20 03 07","Drugi odpadki, ki niso biorazgradljivi",8306,97,"PUCONCI"
2024,"ODP-obdelava","PUCONCI - novo","20 03 07","Drugi odpadki, ki niso biorazgradljivi",743277,100,"RADENCI"
2024,"ODP-obdelava","PUCONCI - novo","20 03 07","Drugi odpadki, ki niso biorazgradljivi",4197,105,"ROGAŠOVCI"
2024,"ODP-obdelava","PUCONCI - novo","20 03 07","Drugi odpadki, ki niso biorazgradljivi",3335,116,"SVETI JURIJ OB ŠČAVNICI"
2024,"ODP-obdelava","PUCONCI - novo","20 03 07","Drugi odpadki, ki niso biorazgradljivi",5176,132,"TURNIŠČE"
2024,"ODP-obdelava","PUCONCI - novo","20 03 07","Drugi odpadki, ki niso biorazgradljivi",790,148,"BENEDIKT"
2024,"ODP-obdelava","PUCONCI - novo","20 03 07","Drugi odpadki, ki niso biorazgradljivi",3690,152,"CANKOVA"
2024,"ODP-obdelava","PUCONCI - novo","20 03 07","Drugi odpadki, ki niso biorazgradljivi",801,153,"CERKVENJAK"
2024,"ODP-obdelava","PUCONCI - novo","20 03 07","Drugi odpadki, ki niso biorazgradljivi",2524,156,"DOBROVNIK"
2024,"ODP-obdelava","PUCONCI - novo","20 03 07","Drugi odpadki, ki niso biorazgradljivi",3086,158,"GRAD"
2024,"ODP-obdelava","PUCONCI - novo","20 03 07","Drugi odpadki, ki niso biorazgradljivi",558,161,"HODOŠ"
2024,"ODP-obdelava","PUCONCI - novo","20 03 07","Drugi odpadki, ki niso biorazgradljivi",7713,166,"KRIŽEVCI"
2024,"ODP-obdelava","PUCONCI - novo","20 03 07","Drugi odpadki, ki niso biorazgradljivi",2742,176,"RAZKRIŽJE"
2024,"ODP-obdelava","PUCONCI - novo","20 03 07","Drugi odpadki, ki niso biorazgradljivi",1182,181,"SVETA ANA"
2024,"ODP-obdelava","PUCONCI - novo","20 03 07","Drugi odpadki, ki niso biorazgradljivi",1564,187,"VELIKA POLANA"
2024,"ODP-obdelava","PUCONCI - novo","20 03 07","Drugi odpadki, ki niso biorazgradljivi",2805,188,"VERŽEJ"
2024,"ODP-obdelava","PUCONCI - novo","20 03 07","Drugi odpadki, ki niso biorazgradljivi",12440,195,"APAČE"
2024,"ODP-obdelava","PUCONCI - novo","20 03 07","Drugi odpadki, ki niso biorazgradljivi",4059,202,"SREDIŠČE OB DRAVI"
2024,"ODP-obdelava","PUCONCI - novo","20 03 07","Drugi odpadki, ki niso biorazgradljivi",820,204,"SVETA TROJICA V SLOVENSKIH GORICAH"
2024,"ODP-obdelava","PUCONCI - novo","20 03 07","Drugi odpadki, ki niso biorazgradljivi",2713,205,"SVETI TOMAŽ"
2024,"ODP-obdelava","PUCONCI - novo","20 03 07","Drugi odpadki, ki niso biorazgradljivi",432,210,"SVETI JURIJ V SLOVENSKIH GORICAH"
2024,"ODP-obdelava","ŠPAJA DOLINA","20 03 07","Drugi odpadki, ki niso biorazgradljivi",41313,20,"DOBREPOLJE"
2024,"ODP-obdelava","ŠPAJA DOLINA","20 03 07","Drugi odpadki, ki niso biorazgradljivi",384006,32,"GROSUPLJE"
2024,"ODP-obdelava","ŠPAJA DOLINA","20 03 07","Drugi odpadki, ki niso biorazgradljivi",238651,39,"IVANČNA GORICA"
2024,"ODP-obdelava","ŠPAJA DOLINA","20 03 07","Drugi odpadki, ki niso biorazgradljivi",1326550,164,"KOMENDA"
