"year","statistical_region","treatment_inlet_waste_code","type_of_waste","waste_category","treatment_process","description_of_treatment","quantity_treated"
2024,"GORENJSKA","03 01 01","Bark and Cork Waste (03 01 01)","Wood/Paper Production Waste","R_03","processing into wood chips",4
2024,"GORENJSKA","03 01 05","Sawdust/Shavings/Cuttings (03 01 05)","Wood/Paper Production Waste","R_01","use of biomass as fuel",1276.948
2024,"GORENJSKA","03 01 05","Sawdust/Shavings/Cuttings (03 01 05)","Wood/Paper Production Waste","R_03","processing into wood chips",70.6
2024,"GORENJSKA","03 01 05","Sawdust/Shavings/Cuttings (03 01 05)","Wood/Paper Production Waste","R_12, R_13","pre-treatment",319.02
2024,"GORENJSKA","03 03 08","Waste from Sorting of Paper and Cardboard for Recycling (03 03 08)","Wood/Paper Production Waste","R_12, R_13","pre-treatment",53.215
2024,"GORENJSKA","15 01 01","Paper and Cardboard Packaging (15 01 01)","Packaging Waste","R_12, R_13","pre-treatment",4397.924
2024,"GORENJSKA","15 01 03","Wooden Packaging (15 01 03)","Packaging Waste","R_01","use of biomass as fuel",58.18
2024,"GORENJSKA","15 01 03","Wooden Packaging (15 01 03)","Packaging Waste","R_12, R_13","pre-treatment",10168.023
2024,"GORENJSKA","17 02 01","Construction Wood Waste (17 02 01)","Construction/Demolition Waste","BO",NA,142.1
2024,"GORENJSKA","17 02 01","Construction Wood Waste (17 02 01)","Construction/Demolition Waste","R_01","use of biomass as fuel",732.77
2024,"GORENJSKA","17 02 01","Construction Wood Waste (17 02 01)","Construction/Demolition Waste","R_12, R_13","pre-treatment",1059.436
2024,"GORENJSKA","19 12 01","Paper and Cardboard from Waste Treatment (19 12 01)","Waste Treatment Residues","R_12, R_13","pre-treatment",598.705
2024,"GORENJSKA","19 12 07","Wood Waste from Treatment (not 19 12 06) (19 12 07)","Waste Treatment Residues","R_12, R_13","pre-treatment",38.997
2024,"GORENJSKA","20 01 01","Paper and Cardboard from Municipal Waste (20 01 01)","Municipal Waste","R_12, R_13","pre-treatment",2177.59
2024,"GORENJSKA","20 01 38","Non-hazardous Wood from Municipal Waste (20 01 38)","Municipal Waste","R_12, R_13","pre-treatment",7842.7
2024,"GORENJSKA","20 03 07","Bulky Municipal Waste (20 03 07)","Municipal Waste","D_01","disposal",2424.5
2024,"GORENJSKA","20 03 07","Bulky Municipal Waste (20 03 07)","Municipal Waste","PU","preparation for re-use",25.624
2024,"GORENJSKA","20 03 07","Bulky Municipal Waste (20 03 07)","Municipal Waste","R_12, R_13","pre-treatment",1074.375
2024,"GORIŠKA","03 01 05","Sawdust/Shavings/Cuttings (03 01 05)","Wood/Paper Production Waste","R_03","aerobic treatment (composting plants)",6.28
2024,"GORIŠKA","03 01 05","Sawdust/Shavings/Cuttings (03 01 05)","Wood/Paper Production Waste","R_12, R_13","pre-treatment",93.9
2024,"GORIŠKA","15 01 01","Paper and Cardboard Packaging (15 01 01)","Packaging Waste","R_0101","co-incineration - production of material products",12.56
2024,"GORIŠKA","15 01 01","Paper and Cardboard Packaging (15 01 01)","Packaging Waste","R_12","pre-treatment",250.928
2024,"GORIŠKA","15 01 01","Paper and Cardboard Packaging (15 01 01)","Packaging Waste","R_12, R_13","pre-treatment",1888.771
2024,"GORIŠKA","15 01 03","Wooden Packaging (15 01 03)","Packaging Waste","R_12, R_13","pre-treatment",613.249
2024,"GORIŠKA","17 02 01","Construction Wood Waste (17 02 01)","Construction/Demolition Waste","R_12, R_13","pre-treatment",51.09
2024,"GORIŠKA","19 12 01","Paper and Cardboard from Waste Treatment (19 12 01)","Waste Treatment Residues","BO",NA,2.247
2024,"GORIŠKA","19 12 01","Paper and Cardboard from Waste Treatment (19 12 01)","Waste Treatment Residues","R_12","pre-treatment",4.744
2024,"GORIŠKA","19 12 01","Paper and Cardboard from Waste Treatment (19 12 01)","Waste Treatment Residues","R_12, R_13","pre-treatment",40.64
2024,"GORIŠKA","19 12 07","Wood Waste from Treatment (not 19 12 06) (19 12 07)","Waste Treatment Residues","R_12, R_13","pre-treatment",2.975
2024,"GORIŠKA","20 01 01","Paper and Cardboard from Municipal Waste (20 01 01)","Municipal Waste","R_0101","co-incineration - production of material products",18.85
2024,"GORIŠKA","20 01 01","Paper and Cardboard from Municipal Waste (20 01 01)","Municipal Waste","R_12","pre-treatment",450.54
2024,"GORIŠKA","20 01 01","Paper and Cardboard from Municipal Waste (20 01 01)","Municipal Waste","R_12, R_13","pre-treatment",1425.502
2024,"GORIŠKA","20 03 07","Bulky Municipal Waste (20 03 07)","Municipal Waste","R_12","pre-treatment",78.32
2024,"GORIŠKA","20 03 07","Bulky Municipal Waste (20 03 07)","Municipal Waste","R_12, R_13","pre-treatment",17.1
2024,"JUGOVZHODNA SLOVENIJA","03 01 05","Sawdust/Shavings/Cuttings (03 01 05)","Wood/Paper Production Waste","R_12, R_13","pre-treatment",2783.547
2024,"JUGOVZHODNA SLOVENIJA","03 03 01","Bark and Wood Waste from Pulp/Paper Production (03 03 01)","Wood/Paper Production Waste","R_12, R_13","pre-treatment",1.797
2024,"JUGOVZHODNA SLOVENIJA","03 03 08","Waste from Sorting of Paper and Cardboard for Recycling (03 03 08)","Wood/Paper Production Waste","R_12, R_13","pre-treatment",1858.829
2024,"JUGOVZHODNA SLOVENIJA","15 01 01","Paper and Cardboard Packaging (15 01 01)","Packaging Waste","R_12, R_13","pre-treatment",6940.121
2024,"JUGOVZHODNA SLOVENIJA","15 01 03","Wooden Packaging (15 01 03)","Packaging Waste","R_12, R_13","pre-treatment",2130.151
2024,"JUGOVZHODNA SLOVENIJA","15 01 03","Wooden Packaging (15 01 03)","Packaging Waste","R_13","pre-treatment",102.659
2024,"JUGOVZHODNA SLOVENIJA","17 02 01","Construction Wood Waste (17 02 01)","Construction/Demolition Waste","R_12, R_13","pre-treatment",419.823
2024,"JUGOVZHODNA SLOVENIJA","19 12 01","Paper and Cardboard from Waste Treatment (19 12 01)","Waste Treatment Residues","R_12, R_13","pre-treatment",80.937
2024,"JUGOVZHODNA SLOVENIJA","20 01 01","Paper and Cardboard from Municipal Waste (20 01 01)","Municipal Waste","R_12, R_13","pre-treatment",2151.845
2024,"JUGOVZHODNA SLOVENIJA","20 01 38","Non-hazardous Wood from Municipal Waste (20 01 38)","Municipal Waste","R_12, R_13","pre-treatment",26
2024,"JUGOVZHODNA SLOVENIJA","20 01 38","Non-hazardous Wood from Municipal Waste (20 01 38)","Municipal Waste","R_13","pre-treatment",3.84
2024,"JUGOVZHODNA SLOVENIJA","20 03 07","Bulky Municipal Waste (20 03 07)","Municipal Waste","D_01","disposal",16036.45
2024,"JUGOVZHODNA SLOVENIJA","20 03 07","Bulky Municipal Waste (20 03 07)","Municipal Waste","R_12","pre-treatment",271.39
2024,"JUGOVZHODNA SLOVENIJA","20 03 07","Bulky Municipal Waste (20 03 07)","Municipal Waste","R_12, R_13","pre-treatment",1951.423
2024,"KOROŠKA","03 01 05","Sawdust/Shavings/Cuttings (03 01 05)","Wood/Paper Production Waste","R_12, R_13","pre-treatment",201.02
2024,"KOROŠKA","03 03 08","Waste from Sorting of Paper and Cardboard for Recycling (03 03 08)","Wood/Paper Production Waste","R_12, R_13","pre-treatment",128.92
2024,"KOROŠKA","15 01 01","Paper and Cardboard Packaging (15 01 01)","Packaging Waste","R_12, R_13","pre-treatment",1237.8
2024,"KOROŠKA","15 01 03","Wooden Packaging (15 01 03)","Packaging Waste","R_12, R_13","pre-treatment",297.816
2024,"KOROŠKA","17 02 01","Construction Wood Waste (17 02 01)","Construction/Demolition Waste","R_12, R_13","pre-treatment",59.289
2024,"KOROŠKA","20 01 01","Paper and Cardboard from Municipal Waste (20 01 01)","Municipal Waste","R_12, R_13","pre-treatment",1131.156
2024,"KOROŠKA","20 03 07","Bulky Municipal Waste (20 03 07)","Municipal Waste","R_12, R_13","pre-treatment",11074.03
2024,"OBALNO-KRAŠKA","03 01 01","Bark and Cork Waste (03 01 01)","Wood/Paper Production Waste","R_12, R_13","pre-treatment",18.82
2024,"OBALNO-KRAŠKA","03 01 05","Sawdust/Shavings/Cuttings (03 01 05)","Wood/Paper Production Waste","R_12, R_13","pre-treatment",1.64
2024,"OBALNO-KRAŠKA","03 03 08","Waste from Sorting of Paper and Cardboard for Recycling (03 03 08)","Wood/Paper Production Waste","R_12, R_13","pre-treatment",84.91
2024,"OBALNO-KRAŠKA","15 01 01","Paper and Cardboard Packaging (15 01 01)","Packaging Waste","R_12, R_13","pre-treatment",2962.783
2024,"OBALNO-KRAŠKA","15 01 03","Wooden Packaging (15 01 03)","Packaging Waste","R_12, R_13","pre-treatment",845.917
2024,"OBALNO-KRAŠKA","17 02 01","Construction Wood Waste (17 02 01)","Construction/Demolition Waste","R_12",NA,16.4
2024,"OBALNO-KRAŠKA","17 02 01","Construction Wood Waste (17 02 01)","Construction/Demolition Waste","R_12, R_13","pre-treatment",336.938
2024,"OBALNO-KRAŠKA","19 12 01","Paper and Cardboard from Waste Treatment (19 12 01)","Waste Treatment Residues","R_12, R_13","pre-treatment",34.84
2024,"OBALNO-KRAŠKA","19 12 07","Wood Waste from Treatment (not 19 12 06) (19 12 07)","Waste Treatment Residues","R_12, R_13","pre-treatment",16.394
2024,"OBALNO-KRAŠKA","20 01 01","Paper and Cardboard from Municipal Waste (20 01 01)","Municipal Waste","R_12, R_13","pre-treatment",833.398
2024,"OBALNO-KRAŠKA","20 01 38","Non-hazardous Wood from Municipal Waste (20 01 38)","Municipal Waste","R_12, R_13","pre-treatment",78.521
2024,"OBALNO-KRAŠKA","20 03 07","Bulky Municipal Waste (20 03 07)","Municipal Waste","R_12, R_13","pre-treatment",106.552
2024,"OSREDNJESLOVENSKA","02 01 07","Forestry Waste (02 01 07)","Agricultural/Forestry Waste","R_03","aerobic treatment (composting plants)",8.78
2024,"OSREDNJESLOVENSKA","02 01 07","Forestry Waste (02 01 07)","Agricultural/Forestry Waste","R_03","recycling",374.01
2024,"OSREDNJESLOVENSKA","02 01 07","Forestry Waste (02 01 07)","Agricultural/Forestry Waste","R_12","conversion to solid fuel",65
2024,"OSREDNJESLOVENSKA","03 01 05","Sawdust/Shavings/Cuttings (03 01 05)","Wood/Paper Production Waste","R_01","co-incineration - energy production",580
2024,"OSREDNJESLOVENSKA","03 01 05","Sawdust/Shavings/Cuttings (03 01 05)","Wood/Paper Production Waste","R_03","recycling",1043.665
2024,"OSREDNJESLOVENSKA","03 01 05","Sawdust/Shavings/Cuttings (03 01 05)","Wood/Paper Production Waste","R_0302","aerobic treatment (composting plants)",26.94
2024,"OSREDNJESLOVENSKA","03 01 05","Sawdust/Shavings/Cuttings (03 01 05)","Wood/Paper Production Waste","R_12","pre-treatment",37.898
2024,"OSREDNJESLOVENSKA","03 01 05","Sawdust/Shavings/Cuttings (03 01 05)","Wood/Paper Production Waste","R_12, R_13","pre-treatment",1665.95
2024,"OSREDNJESLOVENSKA","03 03 01","Bark and Wood Waste from Pulp/Paper Production (03 03 01)","Wood/Paper Production Waste","R_12, R_13","pre-treatment",20.82
2024,"OSREDNJESLOVENSKA","03 03 08","Waste from Sorting of Paper and Cardboard for Recycling (03 03 08)","Wood/Paper Production Waste","BO",NA,761.902
2024,"OSREDNJESLOVENSKA","03 03 08","Waste from Sorting of Paper and Cardboard for Recycling (03 03 08)","Wood/Paper Production Waste","R_03","recycling",18723.648
2024,"OSREDNJESLOVENSKA","03 03 08","Waste from Sorting of Paper and Cardboard for Recycling (03 03 08)","Wood/Paper Production Waste","R_12, R_13","pre-treatment",8373.24
2024,"OSREDNJESLOVENSKA","15 01 01","Paper and Cardboard Packaging (15 01 01)","Packaging Waste","BO",NA,7.5
2024,"OSREDNJESLOVENSKA","15 01 01","Paper and Cardboard Packaging (15 01 01)","Packaging Waste","R_03","recycling",17246.091
2024,"OSREDNJESLOVENSKA","15 01 01","Paper and Cardboard Packaging (15 01 01)","Packaging Waste","R_12","pre-treatment",0.212
2024,"OSREDNJESLOVENSKA","15 01 01","Paper and Cardboard Packaging (15 01 01)","Packaging Waste","R_12, R_13","pre-treatment",54636.033
2024,"OSREDNJESLOVENSKA","15 01 03","Wooden Packaging (15 01 03)","Packaging Waste","BO",NA,43.197
2024,"OSREDNJESLOVENSKA","15 01 03","Wooden Packaging (15 01 03)","Packaging Waste","PU","preparation for re-use",1015.755
2024,"OSREDNJESLOVENSKA","15 01 03","Wooden Packaging (15 01 03)","Packaging Waste","R_01","use of biomass as fuel",93.285
2024,"OSREDNJESLOVENSKA","15 01 03","Wooden Packaging (15 01 03)","Packaging Waste","R_03","recycling",13290.258
2024,"OSREDNJESLOVENSKA","15 01 03","Wooden Packaging (15 01 03)","Packaging Waste","R_0302","aerobic treatment (composting plants)",180.542
2024,"OSREDNJESLOVENSKA","15 01 03","Wooden Packaging (15 01 03)","Packaging Waste","R_12, R_13","pre-treatment",8454.11
2024,"OSREDNJESLOVENSKA","15 01 03","Wooden Packaging (15 01 03)","Packaging Waste","R_13","pre-treatment",58.94
2024,"OSREDNJESLOVENSKA","17 02 01","Construction Wood Waste (17 02 01)","Construction/Demolition Waste","R_03","recycling",4211.59
2024,"OSREDNJESLOVENSKA","17 02 01","Construction Wood Waste (17 02 01)","Construction/Demolition Waste","R_12","conversion to solid fuel",209.855
2024,"OSREDNJESLOVENSKA","17 02 01","Construction Wood Waste (17 02 01)","Construction/Demolition Waste","R_12","pre-treatment",3.04
2024,"OSREDNJESLOVENSKA","17 02 01","Construction Wood Waste (17 02 01)","Construction/Demolition Waste","R_12",NA,118.58
2024,"OSREDNJESLOVENSKA","17 02 01","Construction Wood Waste (17 02 01)","Construction/Demolition Waste","R_12, R_13","pre-treatment",1338.883
2024,"OSREDNJESLOVENSKA","19 12 01","Paper and Cardboard from Waste Treatment (19 12 01)","Waste Treatment Residues","BO",NA,3445.61
2024,"OSREDNJESLOVENSKA","19 12 01","Paper and Cardboard from Waste Treatment (19 12 01)","Waste Treatment Residues","R_03","recycling",53740.121
2024,"OSREDNJESLOVENSKA","19 12 01","Paper and Cardboard from Waste Treatment (19 12 01)","Waste Treatment Residues","R_12, R_13","pre-treatment",15036.948
2024,"OSREDNJESLOVENSKA","19 12 07","Wood Waste from Treatment (not 19 12 06) (19 12 07)","Waste Treatment Residues","R_03","recycling",4036.53
2024,"OSREDNJESLOVENSKA","19 12 07","Wood Waste from Treatment (not 19 12 06) (19 12 07)","Waste Treatment Residues","R_12","pre-treatment",31.737
2024,"OSREDNJESLOVENSKA","19 12 07","Wood Waste from Treatment (not 19 12 06) (19 12 07)","Waste Treatment Residues","R_12, R_13","pre-treatment",214.395
2024,"OSREDNJESLOVENSKA","20 01 01","Paper and Cardboard from Municipal Waste (20 01 01)","Municipal Waste","BO",NA,1692.666
2024,"OSREDNJESLOVENSKA","20 01 01","Paper and Cardboard from Municipal Waste (20 01 01)","Municipal Waste","R_03","recycling",43691.472
2024,"OSREDNJESLOVENSKA","20 01 01","Paper and Cardboard from Municipal Waste (20 01 01)","Municipal Waste","R_12","pre-treatment",1.096
2024,"OSREDNJESLOVENSKA","20 01 01","Paper and Cardboard from Municipal Waste (20 01 01)","Municipal Waste","R_12, R_13","pre-treatment",47851.461
2024,"OSREDNJESLOVENSKA","20 01 01","Paper and Cardboard from Municipal Waste (20 01 01)","Municipal Waste","R_13",NA,110.907
2024,"OSREDNJESLOVENSKA","20 01 38","Non-hazardous Wood from Municipal Waste (20 01 38)","Municipal Waste","BO",NA,1146.056
2024,"OSREDNJESLOVENSKA","20 01 38","Non-hazardous Wood from Municipal Waste (20 01 38)","Municipal Waste","R_03","recycling",29123.43
2024,"OSREDNJESLOVENSKA","20 01 38","Non-hazardous Wood from Municipal Waste (20 01 38)","Municipal Waste","R_03",NA,735.54
2024,"OSREDNJESLOVENSKA","20 01 38","Non-hazardous Wood from Municipal Waste (20 01 38)","Municipal Waste","R_0302","aerobic treatment (composting plants)",2822.64
2024,"OSREDNJESLOVENSKA","20 01 38","Non-hazardous Wood from Municipal Waste (20 01 38)","Municipal Waste","R_12","conversion to solid fuel",1266.36
2024,"OSREDNJESLOVENSKA","20 01 38","Non-hazardous Wood from Municipal Waste (20 01 38)","Municipal Waste","R_12, R_13","pre-treatment",22489.167
2024,"OSREDNJESLOVENSKA","20 03 07","Bulky Municipal Waste (20 03 07)","Municipal Waste","BO",NA,146.2
2024,"OSREDNJESLOVENSKA","20 03 07","Bulky Municipal Waste (20 03 07)","Municipal Waste","D_01","disposal",1990.52
2024,"OSREDNJESLOVENSKA","20 03 07","Bulky Municipal Waste (20 03 07)","Municipal Waste","R_12","pre-treatment",14586.1
2024,"OSREDNJESLOVENSKA","20 03 07","Bulky Municipal Waste (20 03 07)","Municipal Waste","R_12, R_13","pre-treatment",13600.008
2024,"PODRAVSKA","02 01 07","Forestry Waste (02 01 07)","Agricultural/Forestry Waste","R_12, R_13","pre-treatment",55.5
2024,"PODRAVSKA","03 01 05","Sawdust/Shavings/Cuttings (03 01 05)","Wood/Paper Production Waste","R_12, R_13","pre-treatment",78.627
2024,"PODRAVSKA","03 03 08","Waste from Sorting of Paper and Cardboard for Recycling (03 03 08)","Wood/Paper Production Waste","R_12","conversion to solid fuel",1006.435
2024,"PODRAVSKA","03 03 08","Waste from Sorting of Paper and Cardboard for Recycling (03 03 08)","Wood/Paper Production Waste","R_12, R_13","pre-treatment",1320.3
2024,"PODRAVSKA","15 01 01","Paper and Cardboard Packaging (15 01 01)","Packaging Waste","BO",NA,20.46
2024,"PODRAVSKA","15 01 01","Paper and Cardboard Packaging (15 01 01)","Packaging Waste","R_12","conversion to solid fuel",4.973
2024,"PODRAVSKA","15 01 01","Paper and Cardboard Packaging (15 01 01)","Packaging Waste","R_12, R_13","pre-treatment",13463.441
2024,"PODRAVSKA","15 01 03","Wooden Packaging (15 01 03)","Packaging Waste","R_12, R_13","pre-treatment",3544.924
2024,"PODRAVSKA","17 02 01","Construction Wood Waste (17 02 01)","Construction/Demolition Waste","R_0302","aerobic treatment (composting plants)",23.68
2024,"PODRAVSKA","17 02 01","Construction Wood Waste (17 02 01)","Construction/Demolition Waste","R_12",NA,588.96
2024,"PODRAVSKA","17 02 01","Construction Wood Waste (17 02 01)","Construction/Demolition Waste","R_12, R_13","pre-treatment",753.984
2024,"PODRAVSKA","19 12 01","Paper and Cardboard from Waste Treatment (19 12 01)","Waste Treatment Residues","R_12, R_13","pre-treatment",144.551
2024,"PODRAVSKA","19 12 07","Wood Waste from Treatment (not 19 12 06) (19 12 07)","Waste Treatment Residues","R_12, R_13","pre-treatment",16.46
2024,"PODRAVSKA","20 01 01","Paper and Cardboard from Municipal Waste (20 01 01)","Municipal Waste","BO",NA,117.886
2024,"PODRAVSKA","20 01 01","Paper and Cardboard from Municipal Waste (20 01 01)","Municipal Waste","D_10",NA,15.91
2024,"PODRAVSKA","20 01 01","Paper and Cardboard from Municipal Waste (20 01 01)","Municipal Waste","R_12","conversion to solid fuel",340.82
2024,"PODRAVSKA","20 01 01","Paper and Cardboard from Municipal Waste (20 01 01)","Municipal Waste","R_12","pre-treatment",1323.376
2024,"PODRAVSKA","20 01 01","Paper and Cardboard from Municipal Waste (20 01 01)","Municipal Waste","R_12, R_13","pre-treatment",9918.687
2024,"PODRAVSKA","20 01 38","Non-hazardous Wood from Municipal Waste (20 01 38)","Municipal Waste","R_03","processing into wood chips",1474.86
2024,"PODRAVSKA","20 01 38","Non-hazardous Wood from Municipal Waste (20 01 38)","Municipal Waste","R_0302","aerobic treatment (composting plants)",1365.22
2024,"PODRAVSKA","20 01 38","Non-hazardous Wood from Municipal Waste (20 01 38)","Municipal Waste","R_12","pre-treatment",289.42
2024,"PODRAVSKA","20 01 38","Non-hazardous Wood from Municipal Waste (20 01 38)","Municipal Waste","R_12, R_13","pre-treatment",41.128
2024,"PODRAVSKA","20 03 07","Bulky Municipal Waste (20 03 07)","Municipal Waste","BO",NA,2.38
2024,"PODRAVSKA","20 03 07","Bulky Municipal Waste (20 03 07)","Municipal Waste","PU","preparation for re-use",6.305
2024,"PODRAVSKA","20 03 07","Bulky Municipal Waste (20 03 07)","Municipal Waste","R_12","conversion to solid fuel",2037.24
2024,"PODRAVSKA","20 03 07","Bulky Municipal Waste (20 03 07)","Municipal Waste","R_12","pre-treatment",1909.364
2024,"PODRAVSKA","20 03 07","Bulky Municipal Waste (20 03 07)","Municipal Waste","R_12, R_13","pre-treatment",4505.513
2024,"POMURSKA","03 01 05","Sawdust/Shavings/Cuttings (03 01 05)","Wood/Paper Production Waste","R_12, R_13","pre-treatment",1953.24
2024,"POMURSKA","15 01 01","Paper and Cardboard Packaging (15 01 01)","Packaging Waste","R_12, R_13","pre-treatment",3547.663
2024,"POMURSKA","15 01 03","Wooden Packaging (15 01 03)","Packaging Waste","R_12, R_13","pre-treatment",962.262
2024,"POMURSKA","17 02 01","Construction Wood Waste (17 02 01)","Construction/Demolition Waste","R_12, R_13","pre-treatment",90.338
2024,"POMURSKA","19 12 01","Paper and Cardboard from Waste Treatment (19 12 01)","Waste Treatment Residues","D_10",NA,1.017
2024,"POMURSKA","19 12 01","Paper and Cardboard from Waste Treatment (19 12 01)","Waste Treatment Residues","R_12, R_13","pre-treatment",4.435
2024,"POMURSKA","19 12 07","Wood Waste from Treatment (not 19 12 06) (19 12 07)","Waste Treatment Residues","R_12, R_13","pre-treatment",209.487
2024,"POMURSKA","20 01 01","Paper and Cardboard from Municipal Waste (20 01 01)","Municipal Waste","BO",NA,55.337
2024,"POMURSKA","20 01 01","Paper and Cardboard from Municipal Waste (20 01 01)","Municipal Waste","R_12, R_13","pre-treatment",3006.751
2024,"POMURSKA","20 01 38","Non-hazardous Wood from Municipal Waste (20 01 38)","Municipal Waste","BO",NA,91.18
2024,"POMURSKA","20 01 38","Non-hazardous Wood from Municipal Waste (20 01 38)","Municipal Waste","R_12, R_13","pre-treatment",1127
2024,"POMURSKA","20 03 07","Bulky Municipal Waste (20 03 07)","Municipal Waste","D_01","disposal",992.84
2024,"POMURSKA","20 03 07","Bulky Municipal Waste (20 03 07)","Municipal Waste","R_12, R_13","pre-treatment",11954.726
2024,"POSAVSKA","03 01 05","Sawdust/Shavings/Cuttings (03 01 05)","Wood/Paper Production Waste","BO",NA,12.42
2024,"POSAVSKA","03 03 01","Bark and Wood Waste from Pulp/Paper Production (03 03 01)","Wood/Paper Production Waste","BO",NA,467.939
2024,"POSAVSKA","03 03 01","Bark and Wood Waste from Pulp/Paper Production (03 03 01)","Wood/Paper Production Waste","R_01","use of biomass as fuel",29.161
2024,"POSAVSKA","03 03 08","Waste from Sorting of Paper and Cardboard for Recycling (03 03 08)","Wood/Paper Production Waste","R_12","conversion to solid fuel",19.6
2024,"POSAVSKA","03 03 08","Waste from Sorting of Paper and Cardboard for Recycling (03 03 08)","Wood/Paper Production Waste","R_12, R_13","pre-treatment",342.71
2024,"POSAVSKA","15 01 01","Paper and Cardboard Packaging (15 01 01)","Packaging Waste","R_12","pre-treatment",1270.051
2024,"POSAVSKA","15 01 01","Paper and Cardboard Packaging (15 01 01)","Packaging Waste","R_12, R_13","pre-treatment",4188.076
2024,"POSAVSKA","15 01 03","Wooden Packaging (15 01 03)","Packaging Waste","BO",NA,7
2024,"POSAVSKA","15 01 03","Wooden Packaging (15 01 03)","Packaging Waste","R_01","use of biomass as fuel",53
2024,"POSAVSKA","15 01 03","Wooden Packaging (15 01 03)","Packaging Waste","R_12, R_13","pre-treatment",261.32
2024,"POSAVSKA","17 02 01","Construction Wood Waste (17 02 01)","Construction/Demolition Waste","R_03","aerobic treatment (composting plants)",36.03
2024,"POSAVSKA","17 02 01","Construction Wood Waste (17 02 01)","Construction/Demolition Waste","R_12, R_13","pre-treatment",0.12
2024,"POSAVSKA","19 12 01","Paper and Cardboard from Waste Treatment (19 12 01)","Waste Treatment Residues","BO",NA,3964.765
2024,"POSAVSKA","19 12 01","Paper and Cardboard from Waste Treatment (19 12 01)","Waste Treatment Residues","R_03","recycling",43593.318
2024,"POSAVSKA","20 01 01","Paper and Cardboard from Municipal Waste (20 01 01)","Municipal Waste","BO",NA,5021.105
2024,"POSAVSKA","20 01 01","Paper and Cardboard from Municipal Waste (20 01 01)","Municipal Waste","R_03","recycling",58446.416
2024,"POSAVSKA","20 01 01","Paper and Cardboard from Municipal Waste (20 01 01)","Municipal Waste","R_12, R_13","pre-treatment",6226.805
2024,"POSAVSKA","20 01 38","Non-hazardous Wood from Municipal Waste (20 01 38)","Municipal Waste","R_01","use of biomass as fuel",103.355
2024,"POSAVSKA","20 01 38","Non-hazardous Wood from Municipal Waste (20 01 38)","Municipal Waste","R_12","conversion to solid fuel",93.84
2024,"POSAVSKA","20 03 07","Bulky Municipal Waste (20 03 07)","Municipal Waste","R_12","conversion to solid fuel",5831.06
2024,"PRIMORSKO-NOTRANJSKA","15 01 01","Paper and Cardboard Packaging (15 01 01)","Packaging Waste","R_12, R_13","pre-treatment",122.235
2024,"PRIMORSKO-NOTRANJSKA","15 01 03","Wooden Packaging (15 01 03)","Packaging Waste","BO",NA,12.58
2024,"PRIMORSKO-NOTRANJSKA","15 01 03","Wooden Packaging (15 01 03)","Packaging Waste","R_12, R_13","pre-treatment",12.828
2024,"SAVINJSKA","03 01 05","Sawdust/Shavings/Cuttings (03 01 05)","Wood/Paper Production Waste","D_01","disposal",0.26
2024,"SAVINJSKA","03 01 05","Sawdust/Shavings/Cuttings (03 01 05)","Wood/Paper Production Waste","R_01","use of biomass as fuel",1
2024,"SAVINJSKA","03 01 05","Sawdust/Shavings/Cuttings (03 01 05)","Wood/Paper Production Waste","R_12, R_13","pre-treatment",179.85
2024,"SAVINJSKA","03 01 99","Other Unspecified Wood Waste (03 01 99)","Wood/Paper Production Waste","R_12, R_13","pre-treatment",689.266
2024,"SAVINJSKA","03 03 01","Bark and Wood Waste from Pulp/Paper Production (03 03 01)","Wood/Paper Production Waste","R_12, R_13","pre-treatment",40.22
2024,"SAVINJSKA","03 03 08","Waste from Sorting of Paper and Cardboard for Recycling (03 03 08)","Wood/Paper Production Waste","R_12, R_13","pre-treatment",2680.559
2024,"SAVINJSKA","15 01 01","Paper and Cardboard Packaging (15 01 01)","Packaging Waste","BO",NA,25.98
2024,"SAVINJSKA","15 01 01","Paper and Cardboard Packaging (15 01 01)","Packaging Waste","R_12, R_13","pre-treatment",23679.147
2024,"SAVINJSKA","15 01 03","Wooden Packaging (15 01 03)","Packaging Waste","BO",NA,20.68
2024,"SAVINJSKA","15 01 03","Wooden Packaging (15 01 03)","Packaging Waste","R_01","use of biomass as fuel",407.62
2024,"SAVINJSKA","15 01 03","Wooden Packaging (15 01 03)","Packaging Waste","R_03","processing into wood chips",7419.992
2024,"SAVINJSKA","15 01 03","Wooden Packaging (15 01 03)","Packaging Waste","R_12, R_13","pre-treatment",7624.55
2024,"SAVINJSKA","17 02 01","Construction Wood Waste (17 02 01)","Construction/Demolition Waste","D_01","disposal",7.116
2024,"SAVINJSKA","17 02 01","Construction Wood Waste (17 02 01)","Construction/Demolition Waste","R_03","processing into wood chips",306.612
2024,"SAVINJSKA","17 02 01","Construction Wood Waste (17 02 01)","Construction/Demolition Waste","R_12","pre-treatment",49.6
2024,"SAVINJSKA","17 02 01","Construction Wood Waste (17 02 01)","Construction/Demolition Waste","R_12",NA,7.88
2024,"SAVINJSKA","17 02 01","Construction Wood Waste (17 02 01)","Construction/Demolition Waste","R_12, R_13","pre-treatment",606.75
2024,"SAVINJSKA","19 12 01","Paper and Cardboard from Waste Treatment (19 12 01)","Waste Treatment Residues","BO",NA,4.2
2024,"SAVINJSKA","19 12 01","Paper and Cardboard from Waste Treatment (19 12 01)","Waste Treatment Residues","R_03","recycling",24.64
2024,"SAVINJSKA","19 12 01","Paper and Cardboard from Waste Treatment (19 12 01)","Waste Treatment Residues","R_12, R_13","pre-treatment",183.407
2024,"SAVINJSKA","19 12 07","Wood Waste from Treatment (not 19 12 06) (19 12 07)","Waste Treatment Residues","R_12, R_13","pre-treatment",149.411
2024,"SAVINJSKA","20 01 01","Paper and Cardboard from Municipal Waste (20 01 01)","Municipal Waste","R_12, R_13","pre-treatment",5998.952
2024,"SAVINJSKA","20 01 38","Non-hazardous Wood from Municipal Waste (20 01 38)","Municipal Waste","R_01","use of biomass as fuel",275.86
2024,"SAVINJSKA","20 01 38","Non-hazardous Wood from Municipal Waste (20 01 38)","Municipal Waste","R_03","processing into wood chips",1638.42
2024,"SAVINJSKA","20 01 38","Non-hazardous Wood from Municipal Waste (20 01 38)","Municipal Waste","R_0302","aerobic treatment (composting plants)",45.52
2024,"SAVINJSKA","20 01 38","Non-hazardous Wood from Municipal Waste (20 01 38)","Municipal Waste","R_12, R_13","pre-treatment",119.083
2024,"SAVINJSKA","20 03 07","Bulky Municipal Waste (20 03 07)","Municipal Waste","BO",NA,122.18
2024,"SAVINJSKA","20 03 07","Bulky Municipal Waste (20 03 07)","Municipal Waste","PU","preparation for re-use",15
2024,"SAVINJSKA","20 03 07","Bulky Municipal Waste (20 03 07)","Municipal Waste","R_0302","aerobic treatment (composting plants)",8.41
2024,"SAVINJSKA","20 03 07","Bulky Municipal Waste (20 03 07)","Municipal Waste","R_12","pre-treatment",32768.55
2024,"SAVINJSKA","20 03 07","Bulky Municipal Waste (20 03 07)","Municipal Waste","R_12, R_13","pre-treatment",125.439
2024,"SAVINJSKA","20 03 07","Bulky Municipal Waste (20 03 07)","Municipal Waste","R_13","pre-treatment",40.94
2024,"ZASAVSKA","15 01 01","Paper and Cardboard Packaging (15 01 01)","Packaging Waste","BO",NA,34.805
2024,"ZASAVSKA","17 02 01","Construction Wood Waste (17 02 01)","Construction/Demolition Waste","BO",NA,11.58
2024,"ZASAVSKA","20 01 38","Non-hazardous Wood from Municipal Waste (20 01 38)","Municipal Waste","R_12, R_13","pre-treatment",510.27
2024,"ZASAVSKA","20 03 07","Bulky Municipal Waste (20 03 07)","Municipal Waste","R_12, R_13","pre-treatment",971.372
