"year","statistical_region","input_waste_code","type_of_waste","waste_category","treatment_operation","non_waste_substances","storage_operator_end_year","delivered_company_and_person_RS_kg","delivered_to_EU","delivered_to_non_EU"
2024,"GORENJSKA","03 01 01","Bark and Cork Waste (03 01 01)","Wood/Paper Production Waste","R_03","other",0,4,0,0
2024,"GORENJSKA","03 01 05","Sawdust/Shavings/Cuttings (03 01 05)","Wood/Paper Production Waste","R_03","other",0,70.6,0,0
2024,"GORENJSKA","20 03 07","Bulky Municipal Waste (20 03 07)","Municipal Waste","PU","other",0,25.624,0,0
2024,"GORIŠKA","03 01 05","Sawdust/Shavings/Cuttings (03 01 05)","Wood/Paper Production Waste","R_03","compost (product)",0,3.113,0,0
2024,"OBALNO-KRAŠKA","17 02 01","Construction Wood Waste (17 02 01)","Construction/Demolition Waste","R_12","07 – les",16.4,0,0,0
2024,"OSREDNJESLOVENSKA","02 01 07","Forestry Waste (02 01 07)","Agricultural/Forestry Waste","R_03","compost (product)",0,0.873,0,0
2024,"OSREDNJESLOVENSKA","02 01 07","Forestry Waste (02 01 07)","Agricultural/Forestry Waste","R_12","07 – les",0,65,0,0
2024,"OSREDNJESLOVENSKA","03 01 05","Sawdust/Shavings/Cuttings (03 01 05)","Wood/Paper Production Waste","R_01","other",0,0,0,0
2024,"OSREDNJESLOVENSKA","03 01 05","Sawdust/Shavings/Cuttings (03 01 05)","Wood/Paper Production Waste","R_03","07 – les",3.595,83.5,0,0
2024,"OSREDNJESLOVENSKA","03 01 05","Sawdust/Shavings/Cuttings (03 01 05)","Wood/Paper Production Waste","R_0302","compost (product)",26.94,0,0,0
2024,"OSREDNJESLOVENSKA","03 03 08","Waste from Sorting of Paper and Cardboard for Recycling (03 03 08)","Wood/Paper Production Waste","R_03","05 – papir in karton",13558.307,0,118897.507,0
2024,"OSREDNJESLOVENSKA","15 01 01","Paper and Cardboard Packaging (15 01 01)","Packaging Waste","R_03","05 – papir in karton",0,0,35846.931,0
2024,"OSREDNJESLOVENSKA","15 01 03","Wooden Packaging (15 01 03)","Packaging Waste","PU","07 – les",0,796.445,0,0
2024,"OSREDNJESLOVENSKA","15 01 03","Wooden Packaging (15 01 03)","Packaging Waste","PU","other",0,218.65,0,0
2024,"OSREDNJESLOVENSKA","15 01 03","Wooden Packaging (15 01 03)","Packaging Waste","R_01","07 – les",0,91.845,0,0
2024,"OSREDNJESLOVENSKA","15 01 03","Wooden Packaging (15 01 03)","Packaging Waste","R_03","07 – les",0,2523,0,0
2024,"OSREDNJESLOVENSKA","15 01 03","Wooden Packaging (15 01 03)","Packaging Waste","R_0302","compost (product)",180.542,0,0,0
2024,"OSREDNJESLOVENSKA","17 02 01","Construction Wood Waste (17 02 01)","Construction/Demolition Waste","R_12","07 – les",0,98.775,0,0
2024,"OSREDNJESLOVENSKA","19 12 01","Paper and Cardboard from Waste Treatment (19 12 01)","Waste Treatment Residues","R_03","05 – papir in karton",0,0,111701.743,0
2024,"OSREDNJESLOVENSKA","20 01 01","Paper and Cardboard from Municipal Waste (20 01 01)","Municipal Waste","R_03","05 – papir in karton",0,0,90815.084,0
2024,"OSREDNJESLOVENSKA","20 01 01","Paper and Cardboard from Municipal Waste (20 01 01)","Municipal Waste","R_13","construction filler",0,110.907,0,0
2024,"OSREDNJESLOVENSKA","20 01 38","Non-hazardous Wood from Municipal Waste (20 01 38)","Municipal Waste","R_03","compost (product)",0,73.128,0,0
2024,"OSREDNJESLOVENSKA","20 01 38","Non-hazardous Wood from Municipal Waste (20 01 38)","Municipal Waste","R_0302","compost (product)",2822.64,0,0,0
2024,"OSREDNJESLOVENSKA","20 03 07","Bulky Municipal Waste (20 03 07)","Municipal Waste","R_12, R_13","07 – les",0,1.11,0,0
2024,"OSREDNJESLOVENSKA","20 03 07","Bulky Municipal Waste (20 03 07)","Municipal Waste","R_12, R_13","textiles and leather",0,1.67,0,0
2024,"PODRAVSKA","17 02 01","Construction Wood Waste (17 02 01)","Construction/Demolition Waste","R_0302","compost (product)",0,16.714,0,0
2024,"PODRAVSKA","20 01 38","Non-hazardous Wood from Municipal Waste (20 01 38)","Municipal Waste","R_03","other",0,1474.86,0,0
2024,"PODRAVSKA","20 01 38","Non-hazardous Wood from Municipal Waste (20 01 38)","Municipal Waste","R_0302","compost (product)",0,387.134,0,0
2024,"PODRAVSKA","20 03 07","Bulky Municipal Waste (20 03 07)","Municipal Waste","PU","other",0,6.305,0,0
2024,"POSAVSKA","19 12 01","Paper and Cardboard from Waste Treatment (19 12 01)","Waste Treatment Residues","R_03","05 – papir in karton",0,35205,0,0
2024,"POSAVSKA","20 01 01","Paper and Cardboard from Municipal Waste (20 01 01)","Municipal Waste","R_03","05 – papir in karton",0,46506,0,0
2024,"SAVINJSKA","03 01 05","Sawdust/Shavings/Cuttings (03 01 05)","Wood/Paper Production Waste","R_01","other",1.27,0,0,0
2024,"SAVINJSKA","15 01 03","Wooden Packaging (15 01 03)","Packaging Waste","R_01","other",413.095,0,0,0
2024,"SAVINJSKA","15 01 03","Wooden Packaging (15 01 03)","Packaging Waste","R_03","07 – les",0,7419.992,0,0
2024,"SAVINJSKA","17 02 01","Construction Wood Waste (17 02 01)","Construction/Demolition Waste","R_03","07 – les",0,306.612,0,0
2024,"SAVINJSKA","19 12 01","Paper and Cardboard from Waste Treatment (19 12 01)","Waste Treatment Residues","R_03","textiles and leather",0,0.133,38.022,0.037
2024,"SAVINJSKA","20 01 38","Non-hazardous Wood from Municipal Waste (20 01 38)","Municipal Waste","R_01","other",305.485,0,0,0
2024,"SAVINJSKA","20 01 38","Non-hazardous Wood from Municipal Waste (20 01 38)","Municipal Waste","R_03","07 – les",0,1638.42,0,0
2024,"SAVINJSKA","20 03 07","Bulky Municipal Waste (20 03 07)","Municipal Waste","PU","other",0,15,0,0
